Home,Away,Goals_home,Goals_away,First_goal_team,Winner
Toronto,Ottawa,5,3,Toronto,Toronto
St Louis,Washington,2,3,St Louis,Washington
Edmonton,Vancouver,3,2,Vancouver,Edmonton
Vegas,San Jose,4,1,Vegas,Vegas
Toronto,Ottawa,5,3,Toronto,Toronto
St Louis,Washington,2,3,St Louis,Washington
Edmonton,Vancouver,3,2,Vancouver,Edmonton
Vegas,San Jose,4,1,Vegas,Vegas
Tampa Bay,Florida,5,2,Florida,Tampa Bay
NY Rangers,Winnipeg,6,4,Winnipeg,NY Rangers
Pittsburgh,Buffalo,1,3,Pittsburgh,Buffalo
Carolina,Montreal,4,3,Carolina,Carolina
Nashville,Minnesota,5,2,Nashville,Nashville
Dallas,Boston,1,2,Dallas,Boston
Colorado,Calgary,5,3,Calgary,Colorado
Anaheim,Arizona,2,1,Arizona,Anaheim
Tampa Bay,Florida,5,2,Florida,Tampa Bay
NY Rangers,Winnipeg,6,4,Winnipeg,NY Rangers
Pittsburgh,Buffalo,1,3,Pittsburgh,Buffalo
Carolina,Montreal,4,3,Carolina,Carolina
Nashville,Minnesota,5,2,Nashville,Nashville
Dallas,Boston,1,2,Dallas,Boston
Colorado,Calgary,5,3,Calgary,Colorado
Anaheim,Arizona,2,1,Arizona,Anaheim
Philadelphia,Chicago,4,3,Philadelphia,Philadelphia
New Jersey,Winnipeg,4,5,New Jersey,Winnipeg
NY Islanders,Washington,1,2,Washington,Washington
Columbus,Toronto,1,4,Toronto,Toronto
San Jose,Vegas,1,5,Vegas,Vegas
Philadelphia,Chicago,4,3,Philadelphia,Philadelphia
New Jersey,Winnipeg,4,5,New Jersey,Winnipeg
NY Islanders,Washington,1,2,Washington,Washington
Columbus,Toronto,1,4,Toronto,Toronto
San Jose,Vegas,1,5,Vegas,Vegas
Buffalo,New Jersey,7,2,Buffalo,Buffalo
Toronto,Montreal,5,6,Toronto,Montreal
Ottawa,NY Rangers,1,4,NY Rangers,NY Rangers
Florida,Tampa Bay,4,3,Florida,Florida
Pittsburgh,Columbus,7,2,Pittsburgh,Pittsburgh
Washington,Carolina,2,3,Washington,Carolina
St Louis,Dallas,3,2,Dallas,St Louis
Nashville,Detroit,3,5,Nashville,Detroit
Arizona,Boston,0,1,Boston,Boston
Colorado,Minnesota,4,2,Minnesota,Colorado
Anaheim,San Jose,3,1,San Jose,Anaheim
Calgary,Vancouver,3,0,Calgary,Calgary
Edmonton,Los Angeles,6,5,Edmonton,Edmonton
Buffalo,New Jersey,7,2,Buffalo,Buffalo
Toronto,Montreal,5,6,Toronto,Montreal
Ottawa,NY Rangers,1,4,NY Rangers,NY Rangers
Florida,Tampa Bay,4,3,Florida,Florida
Pittsburgh,Columbus,7,2,Pittsburgh,Pittsburgh
Washington,Carolina,2,3,Washington,Carolina
St Louis,Dallas,3,2,Dallas,St Louis
Nashville,Detroit,3,5,Nashville,Detroit
Arizona,Boston,0,1,Boston,Boston
Colorado,Minnesota,4,2,Minnesota,Colorado
Anaheim,San Jose,3,1,San Jose,Anaheim
Calgary,Vancouver,3,0,Calgary,Calgary
Edmonton,Los Angeles,6,5,Edmonton,Edmonton
Carolina,Tampa Bay,4,3,Carolina,Carolina
Detroit,Dallas,4,3,Detroit,Detroit
NY Islanders,Winnipeg,4,1,NY Islanders,NY Islanders
Carolina,Tampa Bay,4,3,Carolina,Carolina
Detroit,Dallas,4,3,Detroit,Detroit
NY Islanders,Winnipeg,4,1,NY Islanders,NY Islanders
Toronto,St Louis,2,3,St Louis,St Louis
Columbus,Buffalo,4,3,Columbus,Columbus
Toronto,St Louis,2,3,St Louis,St Louis
Columbus,Buffalo,4,3,Columbus,Columbus
Florida,Carolina,3,6,Carolina,Carolina
NY Islanders,Edmonton,2,5,Edmonton,Edmonton
Pittsburgh,Winnipeg,1,4,Winnipeg,Winnipeg
Washington,Dallas,3,4,Dallas,Dallas
Detroit,Anaheim,1,3,Detroit,Anaheim
Nashville,San Jose,5,2,Nashville,Nashville
Calgary,Los Angeles,3,4,Los Angeles,Los Angeles
Vegas,Boston,3,4,Boston,Boston
Florida,Carolina,3,6,Carolina,Carolina
NY Islanders,Edmonton,2,5,Edmonton,Edmonton
Pittsburgh,Winnipeg,1,4,Winnipeg,Winnipeg
Washington,Dallas,3,4,Dallas,Dallas
Detroit,Anaheim,1,3,Detroit,Anaheim
Nashville,San Jose,5,2,Nashville,Nashville
Calgary,Los Angeles,3,4,Los Angeles,Los Angeles
Vegas,Boston,3,4,Boston,Boston
Buffalo,Montreal,5,4,Montreal,Buffalo
Philadelphia,New Jersey,4,0,Philadelphia,Philadelphia
Vancouver,Los Angeles,8,2,Vancouver,Vancouver
Buffalo,Montreal,5,4,Montreal,Buffalo
Philadelphia,New Jersey,4,0,Philadelphia,Philadelphia
Vancouver,Los Angeles,8,2,Vancouver,Vancouver
Toronto,Tampa Bay,3,7,Toronto,Tampa Bay
Montreal,Detroit,2,4,Montreal,Detroit
New Jersey,Edmonton,3,4,New Jersey,Edmonton
Pittsburgh,Anaheim,2,1,Pittsburgh,Pittsburgh
Ottawa,St Louis,4,6,Ottawa,St Louis
Nashville,Washington,6,5,Washington,Nashville
Winnipeg,Minnesota,5,2,Winnipeg,Winnipeg
Chicago,San Jose,4,5,San Jose,San Jose
Dallas,Calgary,2,3,Dallas,Calgary
Colorado,Boston,4,2,Colorado,Colorado
Arizona,Vegas,4,1,Arizona,Arizona
Toronto,Tampa Bay,3,7,Toronto,Tampa Bay
Montreal,Detroit,2,4,Montreal,Detroit
New Jersey,Edmonton,3,4,New Jersey,Edmonton
Pittsburgh,Anaheim,2,1,Pittsburgh,Pittsburgh
Ottawa,St Louis,4,6,Ottawa,St Louis
Nashville,Washington,6,5,Washington,Nashville
Winnipeg,Minnesota,5,2,Winnipeg,Winnipeg
Chicago,San Jose,4,5,San Jose,San Jose
Dallas,Calgary,2,3,Dallas,Calgary
Colorado,Boston,4,2,Colorado,Colorado
Arizona,Vegas,4,1,Arizona,Arizona
Buffalo,Florida,3,2,Buffalo,Buffalo
Columbus,Anaheim,1,2,Anaheim,Anaheim
Carolina,NY Islanders,5,2,NY Islanders,Carolina
Buffalo,Florida,3,2,Buffalo,Buffalo
Columbus,Anaheim,1,2,Anaheim,Anaheim
Carolina,NY Islanders,5,2,NY Islanders,Carolina
NY Rangers,Edmonton,1,4,Edmonton,Edmonton
Ottawa,Tampa Bay,4,2,Ottawa,Ottawa
Los Angeles,Nashville,7,4,Los Angeles,Los Angeles
Chicago,Winnipeg,2,3,Winnipeg,Winnipeg
Boston,New Jersey,3,0,Boston,Boston
Montreal,St Louis,6,3,St Louis,Montreal
Detroit,Toronto,2,5,Toronto,Toronto
NY Islanders,Florida,3,2,NY Islanders,NY Islanders
Carolina,Columbus,2,3,Carolina,Columbus
Dallas,Washington,1,4,Washington,Washington
Minnesota,Pittsburgh,4,7,Pittsburgh,Pittsburgh
Colorado,Arizona,3,2,Colorado,Colorado
Vancouver,Philadelphia,3,2,Philadelphia,Vancouver
Vegas,Calgary,6,2,Calgary,Vegas
NY Rangers,Edmonton,1,4,Edmonton,Edmonton
Ottawa,Tampa Bay,4,2,Ottawa,Ottawa
Los Angeles,Nashville,7,4,Los Angeles,Los Angeles
Chicago,Winnipeg,2,3,Winnipeg,Winnipeg
Boston,New Jersey,3,0,Boston,Boston
Montreal,St Louis,6,3,St Louis,Montreal
Detroit,Toronto,2,5,Toronto,Toronto
NY Islanders,Florida,3,2,NY Islanders,NY Islanders
Carolina,Columbus,2,3,Carolina,Columbus
Dallas,Washington,1,4,Washington,Washington
Minnesota,Pittsburgh,4,7,Pittsburgh,Pittsburgh
Colorado,Arizona,3,2,Colorado,Colorado
Vancouver,Philadelphia,3,2,Philadelphia,Vancouver
Vegas,Calgary,6,2,Calgary,Vegas
Winnipeg,Pittsburgh,2,7,Winnipeg,Pittsburgh
Los Angeles,Vegas,2,5,Vegas,Vegas
San Jose,Calgary,3,1,Calgary,San Jose
Winnipeg,Pittsburgh,2,7,Winnipeg,Pittsburgh
Los Angeles,Vegas,2,5,Vegas,Vegas
San Jose,Calgary,3,1,Calgary,San Jose
Boston,Anaheim,4,2,Boston,Boston
Ottawa,Minnesota,0,2,Minnesota,Minnesota
New Jersey,Florida,4,6,New Jersey,Florida
NY Islanders,St Louis,3,2,St Louis,NY Islanders
Buffalo,Dallas,4,0,Buffalo,Buffalo
Washington,Colorado,3,6,Washington,Colorado
Chicago,Edmonton,3,1,Chicago,Chicago
Boston,Anaheim,4,2,Boston,Boston
Ottawa,Minnesota,0,2,Minnesota,Minnesota
New Jersey,Florida,4,6,New Jersey,Florida
NY Islanders,St Louis,3,2,St Louis,NY Islanders
Buffalo,Dallas,4,0,Buffalo,Buffalo
Washington,Colorado,3,6,Washington,Colorado
Chicago,Edmonton,3,1,Chicago,Chicago
Toronto,Minnesota,4,2,Toronto,Toronto
Montreal,Tampa Bay,1,3,Tampa Bay,Tampa Bay
Winnipeg,Arizona,2,4,Arizona,Arizona
Calgary,Philadelphia,3,1,Calgary,Calgary
Vancouver,Detroit,5,1,Vancouver,Vancouver
Vegas,Nashville,2,5,Vegas,Nashville
Los Angeles,Carolina,0,2,Carolina,Carolina
Toronto,Minnesota,4,2,Toronto,Toronto
Montreal,Tampa Bay,1,3,Tampa Bay,Tampa Bay
Winnipeg,Arizona,2,4,Arizona,Arizona
Calgary,Philadelphia,3,1,Calgary,Calgary
Vancouver,Detroit,5,1,Vancouver,Vancouver
Vegas,Nashville,2,5,Vegas,Nashville
Los Angeles,Carolina,0,2,Carolina,Carolina
Pittsburgh,Colorado,3,2,Pittsburgh,Pittsburgh
Washington,Toronto,4,3,Washington,Washington
Columbus,Dallas,3,2,Columbus,Columbus
Edmonton,Philadelphia,6,3,Edmonton,Edmonton
Anaheim,Buffalo,5,2,Anaheim,Anaheim
San Jose,Carolina,5,2,San Jose,San Jose
Pittsburgh,Colorado,3,2,Pittsburgh,Pittsburgh
Washington,Toronto,4,3,Washington,Washington
Columbus,Dallas,3,2,Columbus,Columbus
Edmonton,Philadelphia,6,3,Edmonton,Edmonton
Anaheim,Buffalo,5,2,Anaheim,Anaheim
San Jose,Carolina,5,2,San Jose,San Jose
Boston,Tampa Bay,3,4,Tampa Bay,Tampa Bay
Montreal,Minnesota,4,0,Montreal,Montreal
New Jersey,NY Rangers,5,2,New Jersey,New Jersey
St Louis,Vancouver,3,4,St Louis,Vancouver
Winnipeg,NY Islanders,1,3,NY Islanders,NY Islanders
Calgary,Detroit,5,1,Calgary,Calgary
Arizona,Nashville,5,2,Nashville,Arizona
Vegas,Ottawa,3,2,Vegas,Vegas
Los Angeles,Buffalo,0,3,Buffalo,Buffalo
Boston,Tampa Bay,3,4,Tampa Bay,Tampa Bay
Montreal,Minnesota,4,0,Montreal,Montreal
New Jersey,NY Rangers,5,2,New Jersey,New Jersey
St Louis,Vancouver,3,4,St Louis,Vancouver
Winnipeg,NY Islanders,1,3,NY Islanders,NY Islanders
Calgary,Detroit,5,1,Calgary,Calgary
Arizona,Nashville,5,2,Nashville,Arizona
Vegas,Ottawa,3,2,Vegas,Vegas
Los Angeles,Buffalo,0,3,Buffalo,Buffalo
Florida,Colorado,4,5,Colorado,Colorado
Pittsburgh,Dallas,4,2,Dallas,Pittsburgh
Washington,NY Rangers,5,2,Washington,Washington
Chicago,Columbus,3,2,Columbus,Chicago
Edmonton,Detroit,2,1,Edmonton,Edmonton
Anaheim,Carolina,4,2,Anaheim,Anaheim
Florida,Colorado,4,5,Colorado,Colorado
Pittsburgh,Dallas,4,2,Dallas,Pittsburgh
Washington,NY Rangers,5,2,Washington,Washington
Chicago,Columbus,3,2,Columbus,Chicago
Edmonton,Detroit,2,1,Edmonton,Edmonton
Anaheim,Carolina,4,2,Anaheim,Anaheim
New Jersey,Vancouver,1,0,New Jersey,New Jersey
St Louis,Montreal,2,5,Montreal,Montreal
Arizona,Ottawa,5,2,Arizona,Arizona
Toronto,Boston,4,3,Boston,Toronto
Tampa Bay,Colorado,2,6,Colorado,Colorado
Philadelphia,Dallas,1,4,Philadelphia,Dallas
Pittsburgh,Vegas,0,3,Vegas,Vegas
Columbus,NY Islanders,2,3,Columbus,NY Islanders
Nashville,Florida,2,3,Florida,Florida
Los Angeles,Calgary,4,1,Los Angeles,Los Angeles
San Jose,Buffalo,3,4,Buffalo,Buffalo
New Jersey,Vancouver,1,0,New Jersey,New Jersey
St Louis,Montreal,2,5,Montreal,Montreal
Arizona,Ottawa,5,2,Arizona,Arizona
Toronto,Boston,4,3,Boston,Toronto
Tampa Bay,Colorado,2,6,Colorado,Colorado
Philadelphia,Dallas,1,4,Philadelphia,Dallas
Pittsburgh,Vegas,0,3,Vegas,Vegas
Columbus,NY Islanders,2,3,Columbus,NY Islanders
Nashville,Florida,2,3,Florida,Florida
Los Angeles,Calgary,4,1,Los Angeles,Los Angeles
San Jose,Buffalo,3,4,Buffalo,Buffalo
NY Rangers,Vancouver,2,3,Vancouver,Vancouver
Minnesota,Montreal,4,3,Montreal,Minnesota
Chicago,Washington,3,5,Chicago,Washington
Winnipeg,Edmonton,1,0,Winnipeg,Winnipeg
Anaheim,Calgary,1,2,Anaheim,Calgary
NY Rangers,Vancouver,2,3,Vancouver,Vancouver
Minnesota,Montreal,4,3,Montreal,Minnesota
Chicago,Washington,3,5,Chicago,Washington
Winnipeg,Edmonton,1,0,Winnipeg,Winnipeg
Anaheim,Calgary,1,2,Anaheim,Calgary
Toronto,Columbus,3,4,Toronto,Columbus
Philadelphia,Vegas,6,2,Philadelphia,Philadelphia
St Louis,Colorado,3,1,St Louis,St Louis
Dallas,Ottawa,2,1,Dallas,Dallas
Toronto,Columbus,3,4,Toronto,Columbus
Philadelphia,Vegas,6,2,Philadelphia,Philadelphia
St Louis,Colorado,3,1,St Louis,St Louis
Dallas,Ottawa,2,1,Dallas,Dallas
Boston,Toronto,4,2,Toronto,Boston
Buffalo,San Jose,4,3,Buffalo,Buffalo
Florida,Pittsburgh,4,2,Florida,Florida
NY Rangers,Arizona,2,3,NY Rangers,Arizona
Detroit,Vancouver,2,5,Detroit,Vancouver
Nashville,Anaheim,6,1,Nashville,Nashville
Minnesota,Edmonton,3,0,Minnesota,Minnesota
Winnipeg,Los Angeles,2,3,Winnipeg,Los Angeles
Chicago,Vegas,1,2,Vegas,Vegas
Calgary,Washington,3,5,Washington,Washington
Boston,Toronto,4,2,Toronto,Boston
Buffalo,San Jose,4,3,Buffalo,Buffalo
Florida,Pittsburgh,4,2,Florida,Florida
NY Rangers,Arizona,2,3,NY Rangers,Arizona
Detroit,Vancouver,2,5,Detroit,Vancouver
Nashville,Anaheim,6,1,Nashville,Nashville
Minnesota,Edmonton,3,0,Minnesota,Minnesota
Winnipeg,Los Angeles,2,3,Winnipeg,Los Angeles
Chicago,Vegas,1,2,Vegas,Vegas
Calgary,Washington,3,5,Washington,Washington
Ottawa,Detroit,5,2,Detroit,Ottawa
Tampa Bay,Pittsburgh,3,2,Pittsburgh,Tampa Bay
Ottawa,Detroit,5,2,Detroit,Ottawa
Tampa Bay,Pittsburgh,3,2,Pittsburgh,Tampa Bay
Montreal,San Jose,2,4,San Jose,San Jose
NY Islanders,Arizona,4,2,NY Islanders,NY Islanders
NY Rangers,Buffalo,6,2,NY Rangers,NY Rangers
Columbus,Carolina,4,3,Columbus,Columbus
St Louis,Los Angeles,5,2,Los Angeles,St Louis
Nashville,Minnesota,4,0,Nashville,Nashville
Chicago,Philadelphia,1,4,Chicago,Philadelphia
Dallas,Anaheim,2,1,Anaheim,Dallas
Calgary,Florida,6,5,Florida,Calgary
Edmonton,Washington,4,3,Washington,Edmonton
Montreal,San Jose,2,4,San Jose,San Jose
NY Islanders,Arizona,4,2,NY Islanders,NY Islanders
NY Rangers,Buffalo,6,2,NY Rangers,NY Rangers
Columbus,Carolina,4,3,Columbus,Columbus
St Louis,Los Angeles,5,2,Los Angeles,St Louis
Nashville,Minnesota,4,0,Nashville,Nashville
Chicago,Philadelphia,1,4,Chicago,Philadelphia
Dallas,Anaheim,2,1,Anaheim,Dallas
Calgary,Florida,6,5,Florida,Calgary
Edmonton,Washington,4,3,Washington,Edmonton
Vegas,Colorado,1,6,Colorado,Colorado
Toronto,San Jose,4,1,Toronto,Toronto
New Jersey,Arizona,3,5,Arizona,Arizona
Ottawa,NY Islanders,2,4,NY Islanders,NY Islanders
Detroit,Buffalo,0,2,Buffalo,Buffalo
Vancouver,Washington,5,6,Vancouver,Washington
Vegas,Colorado,1,6,Colorado,Colorado
Toronto,San Jose,4,1,Toronto,Toronto
New Jersey,Arizona,3,5,Arizona,Arizona
Ottawa,NY Islanders,2,4,NY Islanders,NY Islanders
Detroit,Buffalo,0,2,Buffalo,Buffalo
Vancouver,Washington,5,6,Vancouver,Washington
Carolina,Chicago,4,0,Carolina,Carolina
Boston,St Louis,3,0,Boston,Boston
Montreal,Toronto,5,2,Toronto,Montreal
Tampa Bay,Nashville,2,3,Tampa Bay,Nashville
Philadelphia,Columbus,7,4,Columbus,Philadelphia
Dallas,Pittsburgh,0,3,Pittsburgh,Pittsburgh
Minnesota,Los Angeles,5,1,Los Angeles,Minnesota
Colorado,Anaheim,2,5,Colorado,Anaheim
Winnipeg,Calgary,2,1,Calgary,Winnipeg
Carolina,Chicago,4,0,Carolina,Carolina
Boston,St Louis,3,0,Boston,Boston
Montreal,Toronto,5,2,Toronto,Montreal
Tampa Bay,Nashville,2,3,Tampa Bay,Nashville
Philadelphia,Columbus,7,4,Columbus,Philadelphia
Dallas,Pittsburgh,0,3,Pittsburgh,Pittsburgh
Minnesota,Los Angeles,5,1,Los Angeles,Minnesota
Colorado,Anaheim,2,5,Colorado,Anaheim
Winnipeg,Calgary,2,1,Calgary,Winnipeg
Edmonton,Florida,2,6,Florida,Florida
Detroit,St Louis,4,5,Detroit,St Louis
Chicago,Los Angeles,5,1,Chicago,Chicago
Ottawa,San Jose,5,2,Ottawa,Ottawa
NY Islanders,Philadelphia,5,3,Philadelphia,NY Islanders
NY Rangers,Boston,4,7,Boston,Boston
Vegas,Anaheim,5,2,Vegas,Vegas
Edmonton,Florida,2,6,Florida,Florida
Detroit,St Louis,4,5,Detroit,St Louis
Chicago,Los Angeles,5,1,Chicago,Chicago
Ottawa,San Jose,5,2,Ottawa,Ottawa
NY Islanders,Philadelphia,5,3,Philadelphia,NY Islanders
NY Rangers,Boston,4,7,Boston,Boston
Vegas,Anaheim,5,2,Vegas,Vegas
Buffalo,Arizona,2,3,Arizona,Arizona
Vancouver,Florida,7,2,Vancouver,Vancouver
Buffalo,Arizona,2,3,Arizona,Arizona
Vancouver,Florida,7,2,Vancouver,Vancouver
Boston,San Jose,5,1,San Jose,Boston
Toronto,Washington,3,4,Washington,Washington
Pittsburgh,Philadelphia,7,1,Pittsburgh,Pittsburgh
Carolina,Calgary,2,1,Carolina,Carolina
NY Rangers,Tampa Bay,4,1,NY Rangers,NY Rangers
Detroit,Edmonton,3,1,Edmonton,Detroit
Nashville,Chicago,3,0,Nashville,Nashville
Dallas,Minnesota,6,3,Minnesota,Dallas
Anaheim,Winnipeg,7,4,Anaheim,Anaheim
Boston,San Jose,5,1,San Jose,Boston
Toronto,Washington,3,4,Washington,Washington
Pittsburgh,Philadelphia,7,1,Pittsburgh,Pittsburgh
Carolina,Calgary,2,1,Carolina,Carolina
NY Rangers,Tampa Bay,4,1,NY Rangers,NY Rangers
Detroit,Edmonton,3,1,Edmonton,Detroit
Nashville,Chicago,3,0,Nashville,Nashville
Dallas,Minnesota,6,3,Minnesota,Dallas
Anaheim,Winnipeg,7,4,Anaheim,Anaheim
New Jersey,Tampa Bay,6,7,New Jersey,Tampa Bay
Columbus,Edmonton,1,4,Edmonton,Edmonton
St Louis,Minnesota,2,1,St Louis,St Louis
Arizona,Montreal,1,4,Montreal,Montreal
Colorado,Florida,3,4,Colorado,Florida
Los Angeles,Vancouver,3,5,Vancouver,Vancouver
New Jersey,Tampa Bay,6,7,New Jersey,Tampa Bay
Columbus,Edmonton,1,4,Edmonton,Edmonton
St Louis,Minnesota,2,1,St Louis,St Louis
Arizona,Montreal,1,4,Montreal,Montreal
Colorado,Florida,3,4,Colorado,Florida
Los Angeles,Vancouver,3,5,Vancouver,Vancouver
Nashville,Calgary,5,6,Nashville,Calgary
Vegas,Montreal,4,5,Vegas,Montreal
Nashville,Calgary,5,6,Nashville,Calgary
Vegas,Montreal,4,5,Vegas,Montreal
New Jersey,Philadelphia,3,4,Philadelphia,Philadelphia
NY Islanders,Tampa Bay,5,2,NY Islanders,NY Islanders
Washington,Buffalo,6,1,Buffalo,Washington
Carolina,Detroit,7,3,Carolina,Carolina
St Louis,Columbus,4,3,Columbus,St Louis
Colorado,Dallas,1,2,Dallas,Dallas
Anaheim,Vancouver,2,1,Vancouver,Anaheim
San Jose,Winnipeg,2,3,San Jose,Winnipeg
New Jersey,Philadelphia,3,4,Philadelphia,Philadelphia
NY Islanders,Tampa Bay,5,2,NY Islanders,NY Islanders
Washington,Buffalo,6,1,Buffalo,Washington
Carolina,Detroit,7,3,Carolina,Carolina
St Louis,Columbus,4,3,Columbus,St Louis
Colorado,Dallas,1,2,Dallas,Dallas
Anaheim,Vancouver,2,1,Vancouver,Anaheim
San Jose,Winnipeg,2,3,San Jose,Winnipeg
Pittsburgh,Edmonton,1,2,Edmonton,Edmonton
Nashville,NY Rangers,1,2,Nashville,NY Rangers
Dallas,Montreal,4,1,Dallas,Dallas
Boston,Ottawa,5,2,Boston,Boston
Buffalo,NY Islanders,0,1,NY Islanders,NY Islanders
Florida,Detroit,4,0,Florida,Florida
Philadelphia,Toronto,3,4,Philadelphia,Toronto
Carolina,New Jersey,3,5,New Jersey,New Jersey
Columbus,Calgary,0,3,Calgary,Calgary
Minnesota,St Louis,3,4,Minnesota,St Louis
Arizona,Colorado,3,0,Arizona,Arizona
Vegas,Winnipeg,3,4,Winnipeg,Winnipeg
San Jose,Vancouver,2,5,Vancouver,Vancouver
Los Angeles,Chicago,4,3,Los Angeles,Los Angeles
Pittsburgh,Edmonton,1,2,Edmonton,Edmonton
Nashville,NY Rangers,1,2,Nashville,NY Rangers
Dallas,Montreal,4,1,Dallas,Dallas
Boston,Ottawa,5,2,Boston,Boston
Buffalo,NY Islanders,0,1,NY Islanders,NY Islanders
Florida,Detroit,4,0,Florida,Florida
Philadelphia,Toronto,3,4,Philadelphia,Toronto
Carolina,New Jersey,3,5,New Jersey,New Jersey
Columbus,Calgary,0,3,Calgary,Calgary
Minnesota,St Louis,3,4,Minnesota,St Louis
Arizona,Colorado,3,0,Arizona,Arizona
Vegas,Winnipeg,3,4,Winnipeg,Winnipeg
San Jose,Vancouver,2,5,Vancouver,Vancouver
Los Angeles,Chicago,4,3,Los Angeles,Los Angeles
Washington,Calgary,4,2,Calgary,Washington
Anaheim,Chicago,2,3,Anaheim,Chicago
Washington,Calgary,4,2,Calgary,Washington
Anaheim,Chicago,2,3,Anaheim,Chicago
Boston,Pittsburgh,6,4,Boston,Boston
NY Rangers,Ottawa,2,6,Ottawa,Ottawa
Detroit,Nashville,1,6,Nashville,Nashville
Edmonton,Arizona,2,3,Arizona,Arizona
Boston,Pittsburgh,6,4,Boston,Boston
NY Rangers,Ottawa,2,6,Ottawa,Ottawa
Detroit,Nashville,1,6,Nashville,Nashville
Edmonton,Arizona,2,3,Arizona,Arizona
NY Islanders,Ottawa,4,1,NY Islanders,NY Islanders
Philadelphia,Carolina,4,1,Carolina,Philadelphia
Columbus,Vegas,1,2,Columbus,Vegas
Montreal,Boston,5,4,Montreal,Montreal
Toronto,Los Angeles,3,1,Los Angeles,Toronto
Winnipeg,New Jersey,1,2,Winnipeg,New Jersey
Dallas,Colorado,4,1,Dallas,Dallas
Calgary,Arizona,4,3,Arizona,Calgary
Vancouver,St Louis,1,2,St Louis,St Louis
Anaheim,Minnesota,2,4,Anaheim,Minnesota
San Jose,Chicago,4,2,San Jose,San Jose
NY Islanders,Ottawa,4,1,NY Islanders,NY Islanders
Philadelphia,Carolina,4,1,Carolina,Philadelphia
Columbus,Vegas,1,2,Columbus,Vegas
Montreal,Boston,5,4,Montreal,Montreal
Toronto,Los Angeles,3,1,Los Angeles,Toronto
Winnipeg,New Jersey,1,2,Winnipeg,New Jersey
Dallas,Colorado,4,1,Dallas,Dallas
Calgary,Arizona,4,3,Arizona,Calgary
Vancouver,St Louis,1,2,St Louis,St Louis
Anaheim,Minnesota,2,4,Anaheim,Minnesota
San Jose,Chicago,4,2,San Jose,San Jose
NY Rangers,Detroit,5,1,NY Rangers,NY Rangers
Edmonton,St Louis,2,5,St Louis,St Louis
NY Rangers,Detroit,5,1,NY Rangers,NY Rangers
Edmonton,St Louis,2,5,St Louis,St Louis
Toronto,Vegas,2,1,Vegas,Toronto
Florida,Washington,4,5,Washington,Washington
NY Islanders,Pittsburgh,3,4,NY Islanders,Pittsburgh
Philadelphia,Montreal,3,2,Philadelphia,Philadelphia
Carolina,NY Rangers,2,4,NY Rangers,NY Rangers
Ottawa,Los Angeles,3,2,Los Angeles,Ottawa
Chicago,Vancouver,5,2,Chicago,Chicago
Colorado,Nashville,9,4,Colorado,Colorado
Calgary,New Jersey,5,2,Calgary,Calgary
Arizona,Columbus,2,3,Arizona,Columbus
San Jose,Minnesota,6,5,San Jose,San Jose
Toronto,Vegas,2,1,Vegas,Toronto
Florida,Washington,4,5,Washington,Washington
NY Islanders,Pittsburgh,3,4,NY Islanders,Pittsburgh
Philadelphia,Montreal,3,2,Philadelphia,Philadelphia
Carolina,NY Rangers,2,4,NY Rangers,NY Rangers
Ottawa,Los Angeles,3,2,Los Angeles,Ottawa
Chicago,Vancouver,5,2,Chicago,Chicago
Colorado,Nashville,9,4,Colorado,Colorado
Calgary,New Jersey,5,2,Calgary,Calgary
Arizona,Columbus,2,3,Arizona,Columbus
San Jose,Minnesota,6,5,San Jose,San Jose
Buffalo,Tampa Bay,2,3,Buffalo,Tampa Bay
Detroit,Boston,4,2,Boston,Detroit
Winnipeg,Vancouver,4,1,Vancouver,Winnipeg
Edmonton,New Jersey,4,0,Edmonton,Edmonton
Buffalo,Tampa Bay,2,3,Buffalo,Tampa Bay
Detroit,Boston,4,2,Boston,Detroit
Winnipeg,Vancouver,4,1,Vancouver,Winnipeg
Edmonton,New Jersey,4,0,Edmonton,Edmonton
NY Islanders,Florida,2,1,Florida,NY Islanders
Tampa Bay,Buffalo,5,3,Tampa Bay,Tampa Bay
Toronto,Philadelphia,2,3,Toronto,Philadelphia
Montreal,Los Angeles,3,2,Montreal,Montreal
Ottawa,Carolina,4,1,Ottawa,Ottawa
Pittsburgh,Chicago,3,2,Chicago,Pittsburgh
Washington,Vegas,5,2,Washington,Washington
Arizona,Minnesota,3,4,Minnesota,Minnesota
Colorado,Columbus,4,2,Columbus,Colorado
Calgary,St Louis,2,3,St Louis,St Louis
San Jose,Nashville,2,1,Nashville,San Jose
NY Islanders,Florida,2,1,Florida,NY Islanders
Tampa Bay,Buffalo,5,3,Tampa Bay,Tampa Bay
Toronto,Philadelphia,2,3,Toronto,Philadelphia
Montreal,Los Angeles,3,2,Montreal,Montreal
Ottawa,Carolina,4,1,Ottawa,Ottawa
Pittsburgh,Chicago,3,2,Chicago,Pittsburgh
Washington,Vegas,5,2,Washington,Washington
Arizona,Minnesota,3,4,Minnesota,Minnesota
Colorado,Columbus,4,2,Columbus,Colorado
Calgary,St Louis,2,3,St Louis,St Louis
San Jose,Nashville,2,1,Nashville,San Jose
NY Rangers,Florida,5,6,Florida,Florida
Winnipeg,Dallas,3,2,Dallas,Winnipeg
Vancouver,New Jersey,1,2,Vancouver,New Jersey
Detroit,Vegas,3,2,Vegas,Detroit
Chicago,Toronto,5,4,Chicago,Chicago
Boston,Philadelphia,2,3,Boston,Philadelphia
Anaheim,Edmonton,2,6,Edmonton,Edmonton
NY Rangers,Florida,5,6,Florida,Florida
Winnipeg,Dallas,3,2,Dallas,Winnipeg
Vancouver,New Jersey,1,2,Vancouver,New Jersey
Detroit,Vegas,3,2,Vegas,Detroit
Chicago,Toronto,5,4,Chicago,Chicago
Boston,Philadelphia,2,3,Boston,Philadelphia
Anaheim,Edmonton,2,6,Edmonton,Edmonton
Washington,Arizona,3,4,Arizona,Arizona
Carolina,Ottawa,8,2,Carolina,Carolina
Washington,Arizona,3,4,Arizona,Arizona
Carolina,Ottawa,8,2,Carolina,Carolina
Boston,Florida,4,5,Boston,Florida
Montreal,Columbus,3,2,Columbus,Montreal
NY Rangers,Pittsburgh,3,2,NY Rangers,NY Rangers
St Louis,Arizona,2,3,Arizona,Arizona
Winnipeg,Colorado,0,4,Colorado,Colorado
Vancouver,Nashville,5,3,Nashville,Vancouver
Anaheim,Detroit,3,4,Anaheim,Detroit
Los Angeles,Minnesota,3,1,Los Angeles,Los Angeles
San Jose,Edmonton,6,3,San Jose,San Jose
Boston,Florida,4,5,Boston,Florida
Montreal,Columbus,3,2,Columbus,Montreal
NY Rangers,Pittsburgh,3,2,NY Rangers,NY Rangers
St Louis,Arizona,2,3,Arizona,Arizona
Winnipeg,Colorado,0,4,Colorado,Colorado
Vancouver,Nashville,5,3,Nashville,Vancouver
Anaheim,Detroit,3,4,Anaheim,Detroit
Los Angeles,Minnesota,3,1,Los Angeles,Los Angeles
San Jose,Edmonton,6,3,San Jose,San Jose
New Jersey,Ottawa,2,4,Ottawa,Ottawa
NY Islanders,Toronto,5,4,NY Islanders,NY Islanders
Philadelphia,Washington,1,2,Philadelphia,Washington
Calgary,Dallas,1,3,Dallas,Dallas
Vegas,Chicago,3,5,Chicago,Chicago
New Jersey,Ottawa,2,4,Ottawa,Ottawa
NY Islanders,Toronto,5,4,NY Islanders,NY Islanders
Philadelphia,Washington,1,2,Philadelphia,Washington
Calgary,Dallas,1,3,Dallas,Dallas
Vegas,Chicago,3,5,Chicago,Chicago
Buffalo,Carolina,4,5,Carolina,Carolina
Tampa Bay,NY Rangers,9,3,Tampa Bay,Tampa Bay
Florida,Winnipeg,3,4,Winnipeg,Winnipeg
Minnesota,Arizona,3,2,Arizona,Minnesota
Edmonton,Colorado,6,2,Colorado,Edmonton
Vancouver,Dallas,2,4,Dallas,Dallas
Anaheim,San Jose,3,5,Anaheim,San Jose
Los Angeles,Detroit,3,2,Detroit,Los Angeles
Buffalo,Carolina,4,5,Carolina,Carolina
Tampa Bay,NY Rangers,9,3,Tampa Bay,Tampa Bay
Florida,Winnipeg,3,4,Winnipeg,Winnipeg
Minnesota,Arizona,3,2,Arizona,Minnesota
Edmonton,Colorado,6,2,Colorado,Edmonton
Vancouver,Dallas,2,4,Dallas,Dallas
Anaheim,San Jose,3,5,Anaheim,San Jose
Los Angeles,Detroit,3,2,Detroit,Los Angeles
Toronto,Boston,2,4,Toronto,Boston
New Jersey,Pittsburgh,2,1,New Jersey,New Jersey
Washington,Montreal,2,5,Montreal,Montreal
Columbus,St Louis,3,2,St Louis,Columbus
Ottawa,Philadelphia,2,1,Ottawa,Ottawa
Toronto,Boston,2,4,Toronto,Boston
New Jersey,Pittsburgh,2,1,New Jersey,New Jersey
Washington,Montreal,2,5,Montreal,Montreal
Columbus,St Louis,3,2,St Louis,Columbus
Ottawa,Philadelphia,2,1,Ottawa,Ottawa
Minnesota,Carolina,3,4,Minnesota,Carolina
Los Angeles,Vegas,4,3,Vegas,Los Angeles
Edmonton,Dallas,4,5,Edmonton,Dallas
Arizona,Calgary,3,0,Arizona,Arizona
Tampa Bay,Winnipeg,3,4,Winnipeg,Winnipeg
Boston,Washington,2,3,Boston,Washington
Buffalo,Ottawa,4,2,Buffalo,Buffalo
Montreal,New Jersey,3,4,Montreal,New Jersey
Florida,NY Rangers,4,3,NY Rangers,Florida
Philadelphia,NY Islanders,3,4,Philadelphia,NY Islanders
Pittsburgh,Toronto,6,1,Pittsburgh,Pittsburgh
St Louis,Anaheim,1,4,St Louis,Anaheim
Nashville,Chicago,2,7,Chicago,Chicago
Vancouver,Colorado,4,5,Colorado,Colorado
San Jose,Detroit,4,3,San Jose,San Jose
Minnesota,Carolina,3,4,Minnesota,Carolina
Los Angeles,Vegas,4,3,Vegas,Los Angeles
Edmonton,Dallas,4,5,Edmonton,Dallas
Arizona,Calgary,3,0,Arizona,Arizona
Tampa Bay,Winnipeg,3,4,Winnipeg,Winnipeg
Boston,Washington,2,3,Boston,Washington
Buffalo,Ottawa,4,2,Buffalo,Buffalo
Montreal,New Jersey,3,4,Montreal,New Jersey
Florida,NY Rangers,4,3,NY Rangers,Florida
Philadelphia,NY Islanders,3,4,Philadelphia,NY Islanders
Pittsburgh,Toronto,6,1,Pittsburgh,Pittsburgh
St Louis,Anaheim,1,4,St Louis,Anaheim
Nashville,Chicago,2,7,Chicago,Chicago
Vancouver,Colorado,4,5,Colorado,Colorado
San Jose,Detroit,4,3,San Jose,San Jose
Vegas,Calgary,6,0,Vegas,Vegas
Chicago,Buffalo,4,1,Chicago,Chicago
Vegas,Calgary,6,0,Vegas,Vegas
Chicago,Buffalo,4,1,Chicago,Chicago
Washington,Anaheim,5,2,Washington,Washington
Arizona,Los Angeles,3,0,Arizona,Arizona
Washington,Anaheim,5,2,Washington,Washington
Arizona,Los Angeles,3,0,Arizona,Arizona
Buffalo,Minnesota,1,4,Minnesota,Minnesota
Florida,Philadelphia,5,2,Florida,Florida
New Jersey,Boston,1,5,New Jersey,Boston
Pittsburgh,NY Islanders,4,5,Pittsburgh,NY Islanders
Columbus,Montreal,5,2,Columbus,Columbus
Detroit,Ottawa,3,4,Ottawa,Ottawa
St Louis,Tampa Bay,3,1,St Louis,St Louis
Nashville,Winnipeg,1,2,Winnipeg,Winnipeg
Chicago,Carolina,2,4,Carolina,Carolina
Dallas,Vancouver,6,1,Dallas,Dallas
Calgary,Colorado,2,3,Colorado,Colorado
Vegas,Toronto,4,2,Vegas,Vegas
San Jose,Edmonton,2,5,Edmonton,Edmonton
Buffalo,Minnesota,1,4,Minnesota,Minnesota
Florida,Philadelphia,5,2,Florida,Florida
New Jersey,Boston,1,5,New Jersey,Boston
Pittsburgh,NY Islanders,4,5,Pittsburgh,NY Islanders
Columbus,Montreal,5,2,Columbus,Columbus
Detroit,Ottawa,3,4,Ottawa,Ottawa
St Louis,Tampa Bay,3,1,St Louis,St Louis
Nashville,Winnipeg,1,2,Winnipeg,Winnipeg
Chicago,Carolina,2,4,Carolina,Carolina
Dallas,Vancouver,6,1,Dallas,Dallas
Calgary,Colorado,2,3,Colorado,Colorado
Vegas,Toronto,4,2,Vegas,Vegas
San Jose,Edmonton,2,5,Edmonton,Edmonton
Montreal,Ottawa,1,2,Montreal,Ottawa
NY Rangers,Washington,4,1,NY Rangers,NY Rangers
Montreal,Ottawa,1,2,Montreal,Ottawa
NY Rangers,Washington,4,1,NY Rangers,NY Rangers
Boston,Buffalo,3,2,Boston,Boston
Florida,Anaheim,5,4,Anaheim,Florida
NY Islanders,Pittsburgh,4,3,Pittsburgh,NY Islanders
Carolina,Philadelphia,3,5,Philadelphia,Philadelphia
Columbus,Detroit,5,4,Columbus,Columbus
St Louis,Calgary,5,0,St Louis,St Louis
Nashville,Vancouver,3,6,Nashville,Vancouver
Minnesota,Colorado,3,2,Minnesota,Minnesota
Chicago,Tampa Bay,2,4,Tampa Bay,Tampa Bay
Dallas,Winnipeg,5,3,Dallas,Dallas
Arizona,Toronto,1,3,Toronto,Toronto
Vegas,San Jose,1,2,San Jose,San Jose
Los Angeles,Edmonton,5,1,Los Angeles,Los Angeles
Boston,Buffalo,3,2,Boston,Boston
Florida,Anaheim,5,4,Anaheim,Florida
NY Islanders,Pittsburgh,4,3,Pittsburgh,NY Islanders
Carolina,Philadelphia,3,5,Philadelphia,Philadelphia
Columbus,Detroit,5,4,Columbus,Columbus
St Louis,Calgary,5,0,St Louis,St Louis
Nashville,Vancouver,3,6,Nashville,Vancouver
Minnesota,Colorado,3,2,Minnesota,Minnesota
Chicago,Tampa Bay,2,4,Tampa Bay,Tampa Bay
Dallas,Winnipeg,5,3,Dallas,Dallas
Arizona,Toronto,1,3,Toronto,Toronto
Vegas,San Jose,1,2,San Jose,San Jose
Los Angeles,Edmonton,5,1,Los Angeles,Los Angeles
Pittsburgh,New Jersey,4,1,New Jersey,Pittsburgh
Ottawa,NY Rangers,4,1,Ottawa,Ottawa
Pittsburgh,New Jersey,4,1,New Jersey,Pittsburgh
Ottawa,NY Rangers,4,1,Ottawa,Ottawa
Washington,Vancouver,1,2,Washington,Vancouver
Philadelphia,Calgary,2,3,Philadelphia,Calgary
Los Angeles,Arizona,2,3,Los Angeles,Arizona
Colorado,Toronto,3,5,Colorado,Toronto
Winnipeg,Columbus,4,3,Winnipeg,Winnipeg
Boston,Minnesota,5,4,Boston,Boston
Montreal,NY Rangers,5,6,Montreal,NY Rangers
Tampa Bay,Anaheim,6,2,Anaheim,Tampa Bay
New Jersey,Detroit,5,1,Detroit,New Jersey
Carolina,Florida,4,2,Carolina,Carolina
St Louis,Nashville,2,4,Nashville,Nashville
Dallas,Chicago,2,1,Chicago,Dallas
Vegas,Edmonton,2,4,Edmonton,Edmonton
San Jose,NY Islanders,2,1,San Jose,San Jose
Washington,Vancouver,1,2,Washington,Vancouver
Philadelphia,Calgary,2,3,Philadelphia,Calgary
Los Angeles,Arizona,2,3,Los Angeles,Arizona
Colorado,Toronto,3,5,Colorado,Toronto
Winnipeg,Columbus,4,3,Winnipeg,Winnipeg
Boston,Minnesota,5,4,Boston,Boston
Montreal,NY Rangers,5,6,Montreal,NY Rangers
Tampa Bay,Anaheim,6,2,Anaheim,Tampa Bay
New Jersey,Detroit,5,1,Detroit,New Jersey
Carolina,Florida,4,2,Carolina,Carolina
St Louis,Nashville,2,4,Nashville,Nashville
Dallas,Chicago,2,1,Chicago,Dallas
Vegas,Edmonton,2,4,Edmonton,Edmonton
San Jose,NY Islanders,2,1,San Jose,San Jose
Florida,Buffalo,2,5,Florida,Buffalo
Detroit,Carolina,0,2,Carolina,Carolina
Arizona,Edmonton,3,4,Edmonton,Edmonton
Florida,Buffalo,2,5,Florida,Buffalo
Detroit,Carolina,0,2,Carolina,Carolina
Arizona,Edmonton,3,4,Edmonton,Edmonton
Tampa Bay,Buffalo,5,2,Buffalo,Tampa Bay
NY Rangers,Minnesota,3,2,Minnesota,NY Rangers
Philadelphia,Vancouver,2,1,Philadelphia,Philadelphia
Pittsburgh,Calgary,3,2,Pittsburgh,Pittsburgh
Columbus,Ottawa,1,0,Columbus,Columbus
Nashville,St Louis,3,2,St Louis,Nashville
Dallas,Vegas,4,2,Vegas,Dallas
Anaheim,NY Islanders,3,0,Anaheim,Anaheim
Los Angeles,San Jose,3,4,San Jose,San Jose
Tampa Bay,Buffalo,5,2,Buffalo,Tampa Bay
NY Rangers,Minnesota,3,2,Minnesota,NY Rangers
Philadelphia,Vancouver,2,1,Philadelphia,Philadelphia
Pittsburgh,Calgary,3,2,Pittsburgh,Pittsburgh
Columbus,Ottawa,1,0,Columbus,Columbus
Nashville,St Louis,3,2,St Louis,Nashville
Dallas,Vegas,4,2,Vegas,Dallas
Anaheim,NY Islanders,3,0,Anaheim,Anaheim
Los Angeles,San Jose,3,4,San Jose,San Jose
Montreal,Boston,1,8,Boston,Boston
New Jersey,Minnesota,2,3,Minnesota,Minnesota
Chicago,Dallas,3,0,Chicago,Chicago
Montreal,Boston,1,8,Boston,Boston
New Jersey,Minnesota,2,3,Minnesota,Minnesota
Chicago,Dallas,3,0,Chicago,Chicago
Buffalo,Calgary,2,3,Buffalo,Calgary
Ottawa,Boston,1,2,Ottawa,Boston
Detroit,Toronto,0,6,Toronto,Toronto
Tampa Bay,St Louis,3,4,Tampa Bay,St Louis
NY Rangers,Carolina,3,2,NY Rangers,NY Rangers
Pittsburgh,Vancouver,8,6,Pittsburgh,Pittsburgh
Washington,Florida,4,3,Florida,Washington
Columbus,Philadelphia,2,3,Philadelphia,Philadelphia
Nashville,Vegas,3,4,Vegas,Vegas
Arizona,Anaheim,4,3,Arizona,Arizona
Colorado,Edmonton,4,1,Colorado,Colorado
Los Angeles,NY Islanders,4,1,Los Angeles,Los Angeles
San Jose,Winnipeg,1,5,Winnipeg,Winnipeg
Buffalo,Calgary,2,3,Buffalo,Calgary
Ottawa,Boston,1,2,Ottawa,Boston
Detroit,Toronto,0,6,Toronto,Toronto
Tampa Bay,St Louis,3,4,Tampa Bay,St Louis
NY Rangers,Carolina,3,2,NY Rangers,NY Rangers
Pittsburgh,Vancouver,8,6,Pittsburgh,Pittsburgh
Washington,Florida,4,3,Florida,Washington
Columbus,Philadelphia,2,3,Philadelphia,Philadelphia
Nashville,Vegas,3,4,Vegas,Vegas
Arizona,Anaheim,4,3,Arizona,Arizona
Colorado,Edmonton,4,1,Colorado,Colorado
Los Angeles,NY Islanders,4,1,Los Angeles,Los Angeles
San Jose,Winnipeg,1,5,Winnipeg,Winnipeg
Montreal,New Jersey,4,6,Montreal,New Jersey
Montreal,New Jersey,4,6,Montreal,New Jersey
Boston,NY Rangers,3,2,NY Rangers,Boston
Anaheim,Winnipeg,0,3,Winnipeg,Winnipeg
San Jose,Los Angeles,4,1,San Jose,San Jose
Chicago,Colorado,2,5,Colorado,Colorado
Minnesota,Ottawa,7,2,Minnesota,Minnesota
Buffalo,Toronto,6,4,Toronto,Buffalo
Philadelphia,Detroit,6,1,Philadelphia,Philadelphia
Washington,Tampa Bay,4,3,Tampa Bay,Washington
Vegas,Arizona,2,1,Vegas,Vegas
Columbus,Pittsburgh,5,2,Columbus,Columbus
Carolina,Nashville,0,3,Nashville,Nashville
Dallas,St Louis,1,3,Dallas,St Louis
Boston,NY Rangers,3,2,NY Rangers,Boston
Anaheim,Winnipeg,0,3,Winnipeg,Winnipeg
San Jose,Los Angeles,4,1,San Jose,San Jose
Chicago,Colorado,2,5,Colorado,Colorado
Minnesota,Ottawa,7,2,Minnesota,Minnesota
Buffalo,Toronto,6,4,Toronto,Buffalo
Philadelphia,Detroit,6,1,Philadelphia,Philadelphia
Washington,Tampa Bay,4,3,Tampa Bay,Washington
Vegas,Arizona,2,1,Vegas,Vegas
Columbus,Pittsburgh,5,2,Columbus,Columbus
Carolina,Nashville,0,3,Nashville,Nashville
Dallas,St Louis,1,3,Dallas,St Louis
New Jersey,NY Rangers,0,4,NY Rangers,NY Rangers
Montreal,Philadelphia,3,4,Philadelphia,Philadelphia
Calgary,Ottawa,3,1,Ottawa,Calgary
Toronto,Buffalo,2,1,Toronto,Toronto
Detroit,Washington,2,5,Washington,Washington
Tampa Bay,Carolina,2,3,Tampa Bay,Carolina
Florida,Nashville,3,0,Florida,Florida
NY Islanders,Columbus,2,0,NY Islanders,NY Islanders
Arizona,San Jose,2,4,Arizona,San Jose
St Louis,Pittsburgh,5,2,Pittsburgh,St Louis
Colorado,Chicago,7,3,Chicago,Colorado
Los Angeles,Winnipeg,2,1,Winnipeg,Los Angeles
Edmonton,Vancouver,2,5,Edmonton,Vancouver
New Jersey,NY Rangers,0,4,NY Rangers,NY Rangers
Montreal,Philadelphia,3,4,Philadelphia,Philadelphia
Calgary,Ottawa,3,1,Ottawa,Calgary
Toronto,Buffalo,2,1,Toronto,Toronto
Detroit,Washington,2,5,Washington,Washington
Tampa Bay,Carolina,2,3,Tampa Bay,Carolina
Florida,Nashville,3,0,Florida,Florida
NY Islanders,Columbus,2,0,NY Islanders,NY Islanders
Arizona,San Jose,2,4,Arizona,San Jose
St Louis,Pittsburgh,5,2,Pittsburgh,St Louis
Colorado,Chicago,7,3,Chicago,Colorado
Los Angeles,Winnipeg,2,1,Winnipeg,Los Angeles
Edmonton,Vancouver,2,5,Edmonton,Vancouver
Minnesota,Dallas,3,2,Minnesota,Minnesota
Boston,Montreal,3,1,Montreal,Boston
Vancouver,Edmonton,2,3,Vancouver,Edmonton
Minnesota,Dallas,3,2,Minnesota,Minnesota
Boston,Montreal,3,1,Montreal,Boston
Vancouver,Edmonton,2,3,Vancouver,Edmonton
Buffalo,New Jersey,7,1,Buffalo,Buffalo
NY Rangers,Vegas,1,4,Vegas,Vegas
Detroit,NY Islanders,1,4,Detroit,NY Islanders
Chicago,St Louis,0,4,St Louis,St Louis
Anaheim,Los Angeles,4,2,Los Angeles,Anaheim
Buffalo,New Jersey,7,1,Buffalo,Buffalo
NY Rangers,Vegas,1,4,Vegas,Vegas
Detroit,NY Islanders,1,4,Detroit,NY Islanders
Chicago,St Louis,0,4,St Louis,St Louis
Anaheim,Los Angeles,4,2,Los Angeles,Anaheim
Boston,Carolina,2,0,Boston,Boston
Montreal,NY Islanders,4,2,Montreal,Montreal
Florida,Minnesota,2,4,Minnesota,Minnesota
New Jersey,Vegas,3,4,Vegas,Vegas
Philadelphia,Toronto,6,1,Philadelphia,Philadelphia
Columbus,Arizona,2,4,Arizona,Arizona
Nashville,Tampa Bay,2,3,Nashville,Tampa Bay
Winnipeg,Dallas,5,1,Winnipeg,Winnipeg
Vancouver,Ottawa,5,2,Vancouver,Vancouver
San Jose,Washington,2,5,Washington,Washington
Boston,Carolina,2,0,Boston,Boston
Montreal,NY Islanders,4,2,Montreal,Montreal
Florida,Minnesota,2,4,Minnesota,Minnesota
New Jersey,Vegas,3,4,Vegas,Vegas
Philadelphia,Toronto,6,1,Philadelphia,Philadelphia
Columbus,Arizona,2,4,Arizona,Arizona
Nashville,Tampa Bay,2,3,Nashville,Tampa Bay
Winnipeg,Dallas,5,1,Winnipeg,Winnipeg
Vancouver,Ottawa,5,2,Vancouver,Vancouver
San Jose,Washington,2,5,Washington,Washington
Toronto,Colorado,1,3,Colorado,Colorado
Pittsburgh,St Louis,3,0,Pittsburgh,Pittsburgh
Edmonton,Ottawa,2,5,Ottawa,Ottawa
Los Angeles,Washington,1,3,Los Angeles,Washington
Toronto,Colorado,1,3,Colorado,Colorado
Pittsburgh,St Louis,3,0,Pittsburgh,Pittsburgh
Edmonton,Ottawa,2,5,Ottawa,Ottawa
Los Angeles,Washington,1,3,Los Angeles,Washington
Boston,Chicago,3,4,Chicago,Chicago
Montreal,Colorado,2,3,Colorado,Colorado
Tampa Bay,Minnesota,4,5,Tampa Bay,Minnesota
NY Islanders,Vegas,3,2,NY Islanders,NY Islanders
Philadelphia,Arizona,1,3,Arizona,Arizona
Carolina,San Jose,3,2,Carolina,Carolina
Columbus,NY Rangers,2,3,NY Rangers,NY Rangers
Dallas,Winnipeg,3,2,Dallas,Dallas
Calgary,Buffalo,4,3,Calgary,Calgary
Boston,Chicago,3,4,Chicago,Chicago
Montreal,Colorado,2,3,Colorado,Colorado
Tampa Bay,Minnesota,4,5,Tampa Bay,Minnesota
NY Islanders,Vegas,3,2,NY Islanders,NY Islanders
Philadelphia,Arizona,1,3,Arizona,Arizona
Carolina,San Jose,3,2,Carolina,Carolina
Columbus,NY Rangers,2,3,NY Rangers,NY Rangers
Dallas,Winnipeg,3,2,Dallas,Dallas
Calgary,Buffalo,4,3,Calgary,Calgary
New Jersey,Chicago,1,2,Chicago,Chicago
NY Rangers,Montreal,1,2,NY Rangers,Montreal
Pittsburgh,Arizona,2,0,Pittsburgh,Pittsburgh
Edmonton,Los Angeles,2,1,Los Angeles,Edmonton
Anaheim,Washington,2,3,Washington,Washington
New Jersey,Chicago,1,2,Chicago,Chicago
NY Rangers,Montreal,1,2,NY Rangers,Montreal
Pittsburgh,Arizona,2,0,Pittsburgh,Pittsburgh
Edmonton,Los Angeles,2,1,Los Angeles,Edmonton
Anaheim,Washington,2,3,Washington,Washington
Philadelphia,Ottawa,4,3,Ottawa,Philadelphia
Vancouver,Buffalo,6,5,Vancouver,Vancouver
St Louis,Toronto,2,5,Toronto,Toronto
Boston,Colorado,1,4,Colorado,Colorado
Detroit,Pittsburgh,3,5,Detroit,Pittsburgh
Tampa Bay,San Jose,7,1,Tampa Bay,Tampa Bay
Florida,Columbus,4,1,Florida,Florida
Carolina,Minnesota,6,2,Carolina,Carolina
Nashville,New Jersey,6,4,Nashville,Nashville
Dallas,NY Islanders,3,1,Dallas,Dallas
Calgary,Los Angeles,4,3,Calgary,Calgary
Philadelphia,Ottawa,4,3,Ottawa,Philadelphia
Vancouver,Buffalo,6,5,Vancouver,Vancouver
St Louis,Toronto,2,5,Toronto,Toronto
Boston,Colorado,1,4,Colorado,Colorado
Detroit,Pittsburgh,3,5,Detroit,Pittsburgh
Tampa Bay,San Jose,7,1,Tampa Bay,Tampa Bay
Florida,Columbus,4,1,Florida,Florida
Carolina,Minnesota,6,2,Carolina,Carolina
Nashville,New Jersey,6,4,Nashville,Nashville
Dallas,NY Islanders,3,1,Dallas,Dallas
Calgary,Los Angeles,4,3,Calgary,Calgary
Winnipeg,Anaheim,3,2,Winnipeg,Winnipeg
Florida,San Jose,5,1,Florida,Florida
Vegas,NY Rangers,0,5,NY Rangers,NY Rangers
Chicago,Arizona,3,4,Chicago,Arizona
Edmonton,Buffalo,2,3,Edmonton,Buffalo
Winnipeg,Anaheim,3,2,Winnipeg,Winnipeg
Florida,San Jose,5,1,Florida,Florida
Vegas,NY Rangers,0,5,NY Rangers,NY Rangers
Chicago,Arizona,3,4,Chicago,Arizona
Edmonton,Buffalo,2,3,Edmonton,Buffalo
Tampa Bay,NY Islanders,1,5,NY Islanders,NY Islanders
Washington,Columbus,2,5,Columbus,Columbus
Ottawa,Boston,5,2,Ottawa,Ottawa
Colorado,Calgary,4,5,Calgary,Calgary
Tampa Bay,NY Islanders,1,5,NY Islanders,NY Islanders
Washington,Columbus,2,5,Columbus,Columbus
Ottawa,Boston,5,2,Ottawa,Ottawa
Colorado,Calgary,4,5,Calgary,Calgary
Florida,Tampa Bay,1,2,Tampa Bay,Tampa Bay
Pittsburgh,Montreal,1,4,Montreal,Montreal
Buffalo,St Louis,5,2,Buffalo,Buffalo
Nashville,San Jose,3,1,Nashville,Nashville
Minnesota,Anaheim,2,3,Minnesota,Anaheim
Winnipeg,Detroit,5,1,Detroit,Winnipeg
Dallas,New Jersey,2,0,Dallas,Dallas
Edmonton,Carolina,3,6,Carolina,Carolina
Arizona,Calgary,2,5,Calgary,Calgary
Vancouver,Toronto,1,4,Toronto,Toronto
Vegas,Chicago,5,1,Vegas,Vegas
Los Angeles,NY Rangers,3,1,Los Angeles,Los Angeles
Florida,Tampa Bay,1,2,Tampa Bay,Tampa Bay
Pittsburgh,Montreal,1,4,Montreal,Montreal
Buffalo,St Louis,5,2,Buffalo,Buffalo
Nashville,San Jose,3,1,Nashville,Nashville
Minnesota,Anaheim,2,3,Minnesota,Anaheim
Winnipeg,Detroit,5,1,Detroit,Winnipeg
Dallas,New Jersey,2,0,Dallas,Dallas
Edmonton,Carolina,3,6,Carolina,Carolina
Arizona,Calgary,2,5,Calgary,Calgary
Vancouver,Toronto,1,4,Toronto,Toronto
Vegas,Chicago,5,1,Vegas,Vegas
Los Angeles,NY Rangers,3,1,Los Angeles,Los Angeles
Washington,Boston,3,2,Washington,Washington
Montreal,Ottawa,3,2,Montreal,Montreal
Colorado,Philadelphia,3,1,Colorado,Colorado
Washington,Boston,3,2,Washington,Washington
Montreal,Ottawa,3,2,Montreal,Montreal
Colorado,Philadelphia,3,1,Colorado,Colorado
Buffalo,Nashville,4,3,Buffalo,Buffalo
Tampa Bay,Boston,3,2,Tampa Bay,Tampa Bay
Florida,NY Islanders,1,3,NY Islanders,NY Islanders
Pittsburgh,Columbus,1,0,Pittsburgh,Pittsburgh
Detroit,Winnipeg,5,2,Detroit,Detroit
St Louis,Vegas,4,2,St Louis,St Louis
Minnesota,Edmonton,6,5,Edmonton,Minnesota
Calgary,Toronto,4,2,Toronto,Calgary
Arizona,Chicago,5,2,Arizona,Arizona
Vancouver,Carolina,1,0,Vancouver,Vancouver
Anaheim,Los Angeles,1,2,Los Angeles,Los Angeles
San Jose,NY Rangers,3,6,NY Rangers,NY Rangers
Buffalo,Nashville,4,3,Buffalo,Buffalo
Tampa Bay,Boston,3,2,Tampa Bay,Tampa Bay
Florida,NY Islanders,1,3,NY Islanders,NY Islanders
Pittsburgh,Columbus,1,0,Pittsburgh,Pittsburgh
Detroit,Winnipeg,5,2,Detroit,Detroit
St Louis,Vegas,4,2,St Louis,St Louis
Minnesota,Edmonton,6,5,Edmonton,Minnesota
Calgary,Toronto,4,2,Toronto,Calgary
Arizona,Chicago,5,2,Arizona,Arizona
Vancouver,Carolina,1,0,Vancouver,Vancouver
Anaheim,Los Angeles,1,2,Los Angeles,Los Angeles
San Jose,NY Rangers,3,6,NY Rangers,NY Rangers
Dallas,Vegas,2,3,Dallas,Vegas
Colorado,New Jersey,3,1,Colorado,Colorado
Dallas,Vegas,2,3,Dallas,Vegas
Colorado,New Jersey,3,1,Colorado,Colorado
Ottawa,Columbus,4,3,Ottawa,Ottawa
NY Islanders,Buffalo,3,2,Buffalo,NY Islanders
Anaheim,NY Rangers,4,3,NY Rangers,Anaheim
Calgary,Carolina,0,4,Carolina,Carolina
Nashville,Dallas,1,4,Nashville,Dallas
Edmonton,Toronto,1,4,Toronto,Toronto
Minnesota,Philadelphia,4,1,Minnesota,Minnesota
Montreal,Detroit,1,2,Detroit,Detroit
Tampa Bay,Washington,2,5,Tampa Bay,Washington
Florida,Boston,2,4,Boston,Boston
Pittsburgh,Los Angeles,5,4,Los Angeles,Pittsburgh
Arizona,New Jersey,1,2,New Jersey,New Jersey
St Louis,Chicago,4,3,Chicago,St Louis
San Jose,Vancouver,4,2,San Jose,San Jose
Ottawa,Columbus,4,3,Ottawa,Ottawa
NY Islanders,Buffalo,3,2,Buffalo,NY Islanders
Anaheim,NY Rangers,4,3,NY Rangers,Anaheim
Calgary,Carolina,0,4,Carolina,Carolina
Nashville,Dallas,1,4,Nashville,Dallas
Edmonton,Toronto,1,4,Toronto,Toronto
Minnesota,Philadelphia,4,1,Minnesota,Minnesota
Montreal,Detroit,1,2,Detroit,Detroit
Tampa Bay,Washington,2,5,Tampa Bay,Washington
Florida,Boston,2,4,Boston,Boston
Pittsburgh,Los Angeles,5,4,Los Angeles,Pittsburgh
Arizona,New Jersey,1,2,New Jersey,New Jersey
St Louis,Chicago,4,3,Chicago,St Louis
San Jose,Vancouver,4,2,San Jose,San Jose
Winnipeg,Philadelphia,7,3,Philadelphia,Winnipeg
Chicago,Minnesota,5,3,Minnesota,Chicago
Detroit,Los Angeles,2,4,Los Angeles,Los Angeles
Vegas,Vancouver,6,3,Vegas,Vegas
Winnipeg,Philadelphia,7,3,Philadelphia,Winnipeg
Chicago,Minnesota,5,3,Minnesota,Chicago
Detroit,Los Angeles,2,4,Los Angeles,Los Angeles
Vegas,Vancouver,6,3,Vegas,Vegas
Florida,Ottawa,6,1,Florida,Florida
NY Rangers,Nashville,2,5,Nashville,Nashville
Columbus,Washington,3,0,Columbus,Columbus
St Louis,Colorado,5,2,Colorado,St Louis
Dallas,Edmonton,1,2,Dallas,Edmonton
Florida,Ottawa,6,1,Florida,Florida
NY Rangers,Nashville,2,5,Nashville,Nashville
Columbus,Washington,3,0,Columbus,Columbus
St Louis,Colorado,5,2,Colorado,St Louis
Dallas,Edmonton,1,2,Dallas,Edmonton
Boston,Los Angeles,3,4,Los Angeles,Los Angeles
Toronto,Buffalo,5,3,Toronto,Toronto
Tampa Bay,Ottawa,4,3,Tampa Bay,Tampa Bay
NY Islanders,Nashville,3,8,NY Islanders,Nashville
Philadelphia,Anaheim,4,1,Philadelphia,Philadelphia
Detroit,Columbus,3,5,Columbus,Columbus
Winnipeg,Carolina,3,6,Carolina,Carolina
Calgary,Pittsburgh,1,4,Calgary,Pittsburgh
Vancouver,Montreal,1,3,Montreal,Montreal
Vegas,Minnesota,3,2,Minnesota,Vegas
San Jose,Arizona,2,3,Arizona,Arizona
Boston,Los Angeles,3,4,Los Angeles,Los Angeles
Toronto,Buffalo,5,3,Toronto,Toronto
Tampa Bay,Ottawa,4,3,Tampa Bay,Tampa Bay
NY Islanders,Nashville,3,8,NY Islanders,Nashville
Philadelphia,Anaheim,4,1,Philadelphia,Philadelphia
Detroit,Columbus,3,5,Columbus,Columbus
Winnipeg,Carolina,3,6,Carolina,Carolina
Calgary,Pittsburgh,1,4,Calgary,Pittsburgh
Vancouver,Montreal,1,3,Montreal,Montreal
Vegas,Minnesota,3,2,Minnesota,Vegas
San Jose,Arizona,2,3,Arizona,Arizona
New Jersey,Anaheim,3,1,New Jersey,New Jersey
Chicago,Colorado,1,4,Colorado,Colorado
St Louis,Edmonton,2,1,St Louis,St Louis
New Jersey,Anaheim,3,1,New Jersey,New Jersey
Chicago,Colorado,1,4,Colorado,Colorado
St Louis,Edmonton,2,1,St Louis,St Louis
Boston,NY Islanders,2,3,NY Islanders,NY Islanders
Tampa Bay,Dallas,3,4,Tampa Bay,Dallas
Philadelphia,Buffalo,6,1,Philadelphia,Philadelphia
Columbus,Los Angeles,3,2,Los Angeles,Columbus
Ottawa,Nashville,5,4,Ottawa,Ottawa
Winnipeg,Chicago,1,4,Chicago,Chicago
Colorado,Carolina,1,3,Colorado,Carolina
Calgary,Montreal,3,4,Calgary,Montreal
Arizona,Minnesota,5,8,Minnesota,Minnesota
Vancouver,Vegas,5,4,Vegas,Vancouver
Boston,NY Islanders,2,3,NY Islanders,NY Islanders
Tampa Bay,Dallas,3,4,Tampa Bay,Dallas
Philadelphia,Buffalo,6,1,Philadelphia,Philadelphia
Columbus,Los Angeles,3,2,Los Angeles,Columbus
Ottawa,Nashville,5,4,Ottawa,Ottawa
Winnipeg,Chicago,1,4,Chicago,Chicago
Colorado,Carolina,1,3,Colorado,Carolina
Calgary,Montreal,3,4,Calgary,Montreal
Arizona,Minnesota,5,8,Minnesota,Minnesota
Vancouver,Vegas,5,4,Vegas,Vancouver
Florida,Dallas,7,4,Florida,Florida
New Jersey,Washington,3,6,New Jersey,Washington
NY Rangers,Toronto,3,6,NY Rangers,Toronto
Edmonton,Pittsburgh,2,5,Edmonton,Pittsburgh
Florida,Dallas,7,4,Florida,Florida
New Jersey,Washington,3,6,New Jersey,Washington
NY Rangers,Toronto,3,6,NY Rangers,Toronto
Edmonton,Pittsburgh,2,5,Edmonton,Pittsburgh
Buffalo,Los Angeles,3,2,Buffalo,Buffalo
NY Islanders,Anaheim,5,6,NY Islanders,Anaheim
Minnesota,Winnipeg,0,6,Winnipeg,Winnipeg
Edmonton,Montreal,4,3,Montreal,Edmonton
Boston,Nashville,3,4,Boston,Nashville
Toronto,Detroit,4,1,Toronto,Toronto
Ottawa,Philadelphia,4,5,Philadelphia,Philadelphia
Washington,Tampa Bay,3,1,Washington,Washington
Carolina,Florida,2,4,Florida,Florida
Columbus,New Jersey,5,1,Columbus,Columbus
Colorado,Chicago,3,5,Chicago,Chicago
Vancouver,Pittsburgh,4,1,Pittsburgh,Vancouver
San Jose,St Louis,2,5,San Jose,St Louis
Buffalo,Los Angeles,3,2,Buffalo,Buffalo
NY Islanders,Anaheim,5,6,NY Islanders,Anaheim
Minnesota,Winnipeg,0,6,Winnipeg,Winnipeg
Edmonton,Montreal,4,3,Montreal,Edmonton
Boston,Nashville,3,4,Boston,Nashville
Toronto,Detroit,4,1,Toronto,Toronto
Ottawa,Philadelphia,4,5,Philadelphia,Philadelphia
Washington,Tampa Bay,3,1,Washington,Washington
Carolina,Florida,2,4,Florida,Florida
Columbus,New Jersey,5,1,Columbus,Columbus
Colorado,Chicago,3,5,Chicago,Chicago
Vancouver,Pittsburgh,4,1,Pittsburgh,Vancouver
San Jose,St Louis,2,5,San Jose,St Louis
NY Rangers,Anaheim,5,1,NY Rangers,NY Rangers
Dallas,Calgary,1,5,Calgary,Calgary
Detroit,Arizona,2,5,Arizona,Arizona
San Jose,Vegas,1,3,Vegas,Vegas
NY Rangers,Anaheim,5,1,NY Rangers,NY Rangers
Dallas,Calgary,1,5,Calgary,Calgary
Detroit,Arizona,2,5,Arizona,Arizona
San Jose,Vegas,1,3,Vegas,Vegas
Toronto,Carolina,8,6,Toronto,Toronto
Minnesota,Calgary,3,0,Minnesota,Minnesota
Boston,Washington,7,3,Boston,Boston
Tampa Bay,Florida,6,1,Tampa Bay,Tampa Bay
NY Islanders,Columbus,2,3,Columbus,Columbus
Philadelphia,NY Rangers,5,1,NY Rangers,Philadelphia
Ottawa,Buffalo,3,1,Ottawa,Ottawa
Nashville,Arizona,3,2,Nashville,Nashville
Winnipeg,Montreal,2,6,Montreal,Montreal
Chicago,New Jersey,1,7,New Jersey,New Jersey
Vancouver,Edmonton,4,2,Edmonton,Vancouver
Vegas,Colorado,3,7,Vegas,Colorado
Los Angeles,St Louis,1,4,St Louis,St Louis
Toronto,Carolina,8,6,Toronto,Toronto
Minnesota,Calgary,3,0,Minnesota,Minnesota
Boston,Washington,7,3,Boston,Boston
Tampa Bay,Florida,6,1,Tampa Bay,Tampa Bay
NY Islanders,Columbus,2,3,Columbus,Columbus
Philadelphia,NY Rangers,5,1,NY Rangers,Philadelphia
Ottawa,Buffalo,3,1,Ottawa,Ottawa
Nashville,Arizona,3,2,Nashville,Nashville
Winnipeg,Montreal,2,6,Montreal,Montreal
Chicago,New Jersey,1,7,New Jersey,New Jersey
Vancouver,Edmonton,4,2,Edmonton,Vancouver
Vegas,Colorado,3,7,Vegas,Colorado
Los Angeles,St Louis,1,4,St Louis,St Louis
Buffalo,Boston,0,3,Boston,Boston
New Jersey,Toronto,4,5,New Jersey,Toronto
NY Rangers,Carolina,5,3,NY Rangers,NY Rangers
Washington,Columbus,2,1,Columbus,Washington
Colorado,Minnesota,4,6,Minnesota,Minnesota
Nashville,Pittsburgh,2,5,Pittsburgh,Pittsburgh
Winnipeg,St Louis,4,5,St Louis,St Louis
Chicago,NY Islanders,5,2,Chicago,Chicago
Edmonton,Calgary,1,5,Calgary,Calgary
Anaheim,Vegas,4,3,Vegas,Anaheim
San Jose,Los Angeles,2,3,San Jose,Los Angeles
Buffalo,Boston,0,3,Boston,Boston
New Jersey,Toronto,4,5,New Jersey,Toronto
NY Rangers,Carolina,5,3,NY Rangers,NY Rangers
Washington,Columbus,2,1,Columbus,Washington
Colorado,Minnesota,4,6,Minnesota,Minnesota
Nashville,Pittsburgh,2,5,Pittsburgh,Pittsburgh
Winnipeg,St Louis,4,5,St Louis,St Louis
Chicago,NY Islanders,5,2,Chicago,Chicago
Edmonton,Calgary,1,5,Calgary,Calgary
Anaheim,Vegas,4,3,Vegas,Anaheim
San Jose,Los Angeles,2,3,San Jose,Los Angeles
Dallas,Colorado,3,2,Dallas,Dallas
Toronto,NY Rangers,4,5,NY Rangers,NY Rangers
Tampa Bay,Montreal,5,4,Tampa Bay,Tampa Bay
Florida,Detroit,5,4,Detroit,Florida
Pittsburgh,Nashville,6,4,Nashville,Pittsburgh
Carolina,Washington,6,4,Carolina,Carolina
Vancouver,Los Angeles,3,2,Los Angeles,Vancouver
Vegas,Arizona,4,1,Vegas,Vegas
San Jose,Philadelphia,6,1,San Jose,San Jose
Dallas,Colorado,3,2,Dallas,Dallas
Toronto,NY Rangers,4,5,NY Rangers,NY Rangers
Tampa Bay,Montreal,5,4,Tampa Bay,Tampa Bay
Florida,Detroit,5,4,Detroit,Florida
Pittsburgh,Nashville,6,4,Nashville,Pittsburgh
Carolina,Washington,6,4,Carolina,Carolina
Vancouver,Los Angeles,3,2,Los Angeles,Vancouver
Vegas,Arizona,4,1,Vegas,Vegas
San Jose,Philadelphia,6,1,San Jose,San Jose
St Louis,Winnipeg,4,1,Winnipeg,St Louis
Ottawa,New Jersey,3,4,Ottawa,New Jersey
Columbus,Chicago,2,3,Chicago,Chicago
Minnesota,NY Islanders,1,3,NY Islanders,NY Islanders
Boston,Buffalo,3,2,Buffalo,Boston
Tampa Bay,Detroit,2,1,Tampa Bay,Tampa Bay
Florida,Montreal,6,5,Montreal,Florida
Arizona,Dallas,2,4,Arizona,Dallas
Anaheim,Philadelphia,1,2,Philadelphia,Philadelphia
Calgary,Vancouver,2,5,Calgary,Vancouver
St Louis,Winnipeg,4,1,Winnipeg,St Louis
Ottawa,New Jersey,3,4,Ottawa,New Jersey
Columbus,Chicago,2,3,Chicago,Chicago
Minnesota,NY Islanders,1,3,NY Islanders,NY Islanders
Boston,Buffalo,3,2,Buffalo,Boston
Tampa Bay,Detroit,2,1,Tampa Bay,Tampa Bay
Florida,Montreal,6,5,Montreal,Florida
Arizona,Dallas,2,4,Arizona,Dallas
Anaheim,Philadelphia,1,2,Philadelphia,Philadelphia
Calgary,Vancouver,2,5,Calgary,Vancouver
Pittsburgh,Ottawa,5,2,Ottawa,Pittsburgh
Pittsburgh,Ottawa,5,2,Ottawa,Pittsburgh
New Jersey,Boston,3,2,Boston,New Jersey
Washington,NY Islanders,3,4,Washington,NY Islanders
Vegas,Anaheim,5,2,Vegas,Vegas
Minnesota,Toronto,1,4,Toronto,Toronto
Buffalo,Tampa Bay,4,6,Buffalo,Tampa Bay
Carolina,Montreal,3,1,Carolina,Carolina
Columbus,Florida,4,1,Florida,Columbus
Detroit,San Jose,2,0,Detroit,Detroit
Colorado,Winnipeg,4,7,Winnipeg,Winnipeg
Los Angeles,Philadelphia,5,3,Philadelphia,Los Angeles
Calgary,Chicago,3,5,Chicago,Chicago
Edmonton,NY Rangers,7,5,Edmonton,Edmonton
Arizona,St Louis,3,1,Arizona,Arizona
New Jersey,Boston,3,2,Boston,New Jersey
Washington,NY Islanders,3,4,Washington,NY Islanders
Vegas,Anaheim,5,2,Vegas,Vegas
Minnesota,Toronto,1,4,Toronto,Toronto
Buffalo,Tampa Bay,4,6,Buffalo,Tampa Bay
Carolina,Montreal,3,1,Carolina,Carolina
Columbus,Florida,4,1,Florida,Columbus
Detroit,San Jose,2,0,Detroit,Detroit
Colorado,Winnipeg,4,7,Winnipeg,Winnipeg
Los Angeles,Philadelphia,5,3,Philadelphia,Los Angeles
Calgary,Chicago,3,5,Chicago,Chicago
Edmonton,NY Rangers,7,5,Edmonton,Edmonton
Arizona,St Louis,3,1,Arizona,Arizona
Dallas,Nashville,4,2,Dallas,Dallas
Dallas,Nashville,4,2,Dallas,Dallas
Boston,Columbus,1,2,Boston,Columbus
Buffalo,Edmonton,3,2,Buffalo,Buffalo
Montreal,Tampa Bay,1,2,Montreal,Tampa Bay
NY Islanders,New Jersey,1,2,NY Islanders,New Jersey
Pittsburgh,San Jose,2,3,San Jose,San Jose
Ottawa,Florida,3,6,Florida,Florida
Winnipeg,Toronto,3,6,Winnipeg,Toronto
Calgary,NY Rangers,4,3,NY Rangers,Calgary
Arizona,Anaheim,4,2,Anaheim,Arizona
Colorado,St Louis,7,3,Colorado,Colorado
Vancouver,Chicago,7,5,Vancouver,Vancouver
Vegas,Philadelphia,5,4,Vegas,Vegas
Boston,Columbus,1,2,Boston,Columbus
Buffalo,Edmonton,3,2,Buffalo,Buffalo
Montreal,Tampa Bay,1,2,Montreal,Tampa Bay
NY Islanders,New Jersey,1,2,NY Islanders,New Jersey
Pittsburgh,San Jose,2,3,San Jose,San Jose
Ottawa,Florida,3,6,Florida,Florida
Winnipeg,Toronto,3,6,Winnipeg,Toronto
Calgary,NY Rangers,4,3,NY Rangers,Calgary
Arizona,Anaheim,4,2,Anaheim,Arizona
Colorado,St Louis,7,3,Colorado,Colorado
Vancouver,Chicago,7,5,Vancouver,Vancouver
Vegas,Philadelphia,5,4,Vegas,Vegas
Carolina,Washington,3,4,Washington,Washington
Dallas,Detroit,4,1,Dallas,Dallas
Carolina,Washington,3,4,Washington,Washington
Dallas,Detroit,4,1,Dallas,Dallas
Boston,Edmonton,1,4,Edmonton,Edmonton
Columbus,San Jose,2,3,San Jose,San Jose
Buffalo,Florida,3,2,Florida,Buffalo
Minnesota,Winnipeg,3,2,Minnesota,Minnesota
Vegas,St Louis,5,4,Vegas,Vegas
Toronto,NY Islanders,3,0,Toronto,Toronto
Montreal,Pittsburgh,2,3,Montreal,Pittsburgh
Ottawa,Tampa Bay,3,5,Ottawa,Tampa Bay
New Jersey,Colorado,2,5,Colorado,Colorado
Arizona,Philadelphia,6,2,Arizona,Arizona
Vancouver,NY Rangers,2,1,Vancouver,Vancouver
Los Angeles,Nashville,1,4,Nashville,Nashville
Boston,Edmonton,1,4,Edmonton,Edmonton
Columbus,San Jose,2,3,San Jose,San Jose
Buffalo,Florida,3,2,Florida,Buffalo
Minnesota,Winnipeg,3,2,Minnesota,Minnesota
Vegas,St Louis,5,4,Vegas,Vegas
Toronto,NY Islanders,3,0,Toronto,Toronto
Montreal,Pittsburgh,2,3,Montreal,Pittsburgh
Ottawa,Tampa Bay,3,5,Ottawa,Tampa Bay
New Jersey,Colorado,2,5,Colorado,Colorado
Arizona,Philadelphia,6,2,Arizona,Arizona
Vancouver,NY Rangers,2,1,Vancouver,Vancouver
Los Angeles,Nashville,1,4,Nashville,Nashville
Washington,San Jose,5,4,San Jose,Washington
Pittsburgh,Florida,1,4,Florida,Florida
Carolina,Tampa Bay,1,3,Tampa Bay,Tampa Bay
Minnesota,Calgary,4,5,Calgary,Calgary
Chicago,Detroit,4,2,Chicago,Chicago
Anaheim,Nashville,5,4,Nashville,Anaheim
Washington,San Jose,5,4,San Jose,Washington
Pittsburgh,Florida,1,4,Florida,Florida
Carolina,Tampa Bay,1,3,Tampa Bay,Tampa Bay
Minnesota,Calgary,4,5,Calgary,Calgary
Chicago,Detroit,4,2,Chicago,Chicago
Anaheim,Nashville,5,4,Nashville,Anaheim
Toronto,Edmonton,4,6,Edmonton,Edmonton
Montreal,Winnipeg,2,3,Winnipeg,Winnipeg
NY Islanders,Colorado,1,0,NY Islanders,NY Islanders
Los Angeles,Columbus,2,4,Los Angeles,Columbus
Toronto,Edmonton,4,6,Edmonton,Edmonton
Montreal,Winnipeg,2,3,Winnipeg,Winnipeg
NY Islanders,Colorado,1,0,NY Islanders,NY Islanders
Los Angeles,Columbus,2,4,Los Angeles,Columbus
Tampa Bay,Vancouver,9,2,Tampa Bay,Tampa Bay
Florida,Arizona,2,5,Arizona,Arizona
New Jersey,NY Islanders,3,4,New Jersey,NY Islanders
Washington,Ottawa,6,1,Washington,Washington
Carolina,Philadelphia,5,4,Carolina,Carolina
NY Rangers,Colorado,5,3,NY Rangers,NY Rangers
Detroit,Montreal,4,3,Montreal,Detroit
St Louis,San Jose,3,2,St Louis,St Louis
Nashville,Boston,2,6,Boston,Boston
Chicago,Calgary,1,2,Chicago,Calgary
Vegas,Pittsburgh,3,4,Pittsburgh,Pittsburgh
Anaheim,Columbus,3,4,Columbus,Columbus
Tampa Bay,Vancouver,9,2,Tampa Bay,Tampa Bay
Florida,Arizona,2,5,Arizona,Arizona
New Jersey,NY Islanders,3,4,New Jersey,NY Islanders
Washington,Ottawa,6,1,Washington,Washington
Carolina,Philadelphia,5,4,Carolina,Carolina
NY Rangers,Colorado,5,3,NY Rangers,NY Rangers
Detroit,Montreal,4,3,Montreal,Detroit
St Louis,San Jose,3,2,St Louis,St Louis
Nashville,Boston,2,6,Boston,Boston
Chicago,Calgary,1,2,Chicago,Calgary
Vegas,Pittsburgh,3,4,Pittsburgh,Pittsburgh
Anaheim,Columbus,3,4,Columbus,Columbus
Toronto,Winnipeg,3,4,Toronto,Winnipeg
Philadelphia,Washington,3,2,Philadelphia,Philadelphia
Los Angeles,Dallas,1,2,Los Angeles,Dallas
Toronto,Winnipeg,3,4,Toronto,Winnipeg
Philadelphia,Washington,3,2,Philadelphia,Philadelphia
Los Angeles,Dallas,1,2,Los Angeles,Dallas
Boston,Winnipeg,5,4,Winnipeg,Boston
Montreal,Edmonton,2,4,Montreal,Edmonton
Tampa Bay,Arizona,4,0,Tampa Bay,Tampa Bay
Florida,Vancouver,5,2,Florida,Florida
NY Rangers,New Jersey,6,3,New Jersey,NY Rangers
St Louis,Buffalo,5,1,Buffalo,St Louis
Chicago,Nashville,2,5,Chicago,Nashville
Calgary,Minnesota,2,1,Minnesota,Calgary
Vegas,Los Angeles,2,5,Los Angeles,Los Angeles
Anaheim,Dallas,0,3,Dallas,Dallas
San Jose,Columbus,3,1,San Jose,San Jose
Boston,Winnipeg,5,4,Winnipeg,Boston
Montreal,Edmonton,2,4,Montreal,Edmonton
Tampa Bay,Arizona,4,0,Tampa Bay,Tampa Bay
Florida,Vancouver,5,2,Florida,Florida
NY Rangers,New Jersey,6,3,New Jersey,NY Rangers
St Louis,Buffalo,5,1,Buffalo,St Louis
Chicago,Nashville,2,5,Chicago,Nashville
Calgary,Minnesota,2,1,Minnesota,Calgary
Vegas,Los Angeles,2,5,Los Angeles,Los Angeles
Anaheim,Dallas,0,3,Dallas,Dallas
San Jose,Columbus,3,1,San Jose,San Jose
Detroit,Ottawa,3,2,Detroit,Detroit
Carolina,Arizona,3,0,Carolina,Carolina
Colorado,Pittsburgh,3,4,Pittsburgh,Pittsburgh
Detroit,Ottawa,3,2,Detroit,Detroit
Carolina,Arizona,3,0,Carolina,Carolina
Colorado,Pittsburgh,3,4,Pittsburgh,Pittsburgh
Buffalo,Vancouver,3,6,Buffalo,Vancouver
Ottawa,Montreal,1,2,Ottawa,Montreal
NY Islanders,Boston,2,3,Boston,Boston
Philadelphia,Tampa Bay,0,1,Tampa Bay,Tampa Bay
Washington,New Jersey,1,5,New Jersey,New Jersey
Carolina,Los Angeles,2,0,Carolina,Carolina
St Louis,NY Rangers,5,2,NY Rangers,St Louis
Chicago,Anaheim,4,2,Chicago,Chicago
Vegas,Columbus,0,3,Columbus,Columbus
Calgary,Edmonton,4,3,Calgary,Calgary
San Jose,Dallas,2,1,Dallas,San Jose
Buffalo,Vancouver,3,6,Buffalo,Vancouver
Ottawa,Montreal,1,2,Ottawa,Montreal
NY Islanders,Boston,2,3,Boston,Boston
Philadelphia,Tampa Bay,0,1,Tampa Bay,Tampa Bay
Washington,New Jersey,1,5,New Jersey,New Jersey
Carolina,Los Angeles,2,0,Carolina,Carolina
St Louis,NY Rangers,5,2,NY Rangers,St Louis
Chicago,Anaheim,4,2,Chicago,Chicago
Vegas,Columbus,0,3,Columbus,Columbus
Calgary,Edmonton,4,3,Calgary,Calgary
San Jose,Dallas,2,1,Dallas,San Jose
Winnipeg,Nashville,0,1,Nashville,Nashville
Minnesota,Vancouver,1,4,Vancouver,Vancouver
Detroit,Buffalo,1,5,Buffalo,Buffalo
Arizona,Pittsburgh,3,4,Pittsburgh,Pittsburgh
Florida,Toronto,8,4,Florida,Florida
New Jersey,Tampa Bay,3,1,Tampa Bay,New Jersey
Winnipeg,Nashville,0,1,Nashville,Nashville
Minnesota,Vancouver,1,4,Vancouver,Vancouver
Detroit,Buffalo,1,5,Buffalo,Buffalo
Arizona,Pittsburgh,3,4,Pittsburgh,Pittsburgh
Florida,Toronto,8,4,Florida,Florida
New Jersey,Tampa Bay,3,1,Tampa Bay,New Jersey
Montreal,Calgary,2,0,Montreal,Montreal
NY Rangers,NY Islanders,6,2,NY Rangers,NY Rangers
Philadelphia,Boston,6,5,Philadelphia,Philadelphia
Washington,Carolina,2,0,Washington,Washington
St Louis,Anaheim,4,1,St Louis,St Louis
Montreal,Calgary,2,0,Montreal,Montreal
NY Rangers,NY Islanders,6,2,NY Rangers,NY Rangers
Philadelphia,Boston,6,5,Philadelphia,Philadelphia
Washington,Carolina,2,0,Washington,Washington
St Louis,Anaheim,4,1,St Louis,St Louis
Buffalo,Vegas,4,2,Buffalo,Buffalo
Toronto,New Jersey,7,4,Toronto,Toronto
Tampa Bay,Los Angeles,4,3,Los Angeles,Tampa Bay
NY Islanders,Detroit,8,2,NY Islanders,NY Islanders
Pittsburgh,Minnesota,7,3,Pittsburgh,Pittsburgh
Columbus,Boston,3,0,Columbus,Columbus
Ottawa,Chicago,2,3,Chicago,Chicago
Winnipeg,Vancouver,4,0,Winnipeg,Winnipeg
Colorado,Dallas,2,3,Dallas,Dallas
Edmonton,Nashville,4,2,Edmonton,Edmonton
Arizona,San Jose,6,3,Arizona,Arizona
Buffalo,Vegas,4,2,Buffalo,Buffalo
Toronto,New Jersey,7,4,Toronto,Toronto
Tampa Bay,Los Angeles,4,3,Los Angeles,Tampa Bay
NY Islanders,Detroit,8,2,NY Islanders,NY Islanders
Pittsburgh,Minnesota,7,3,Pittsburgh,Pittsburgh
Columbus,Boston,3,0,Columbus,Columbus
Ottawa,Chicago,2,3,Chicago,Chicago
Winnipeg,Vancouver,4,0,Winnipeg,Winnipeg
Colorado,Dallas,2,3,Dallas,Dallas
Edmonton,Nashville,4,2,Edmonton,Edmonton
Arizona,San Jose,6,3,Arizona,Arizona
Montreal,Chicago,1,4,Montreal,Chicago
St Louis,Philadelphia,3,4,Philadelphia,Philadelphia
Montreal,Chicago,1,4,Montreal,Chicago
St Louis,Philadelphia,3,4,Philadelphia,Philadelphia
Boston,Pittsburgh,4,1,Boston,Boston
Toronto,Calgary,1,2,Calgary,Calgary
Florida,Los Angeles,4,3,Florida,Florida
NY Islanders,NY Rangers,2,3,NY Islanders,NY Rangers
Philadelphia,Montreal,1,4,Montreal,Montreal
Washington,New Jersey,5,2,Washington,Washington
Columbus,Carolina,3,2,Carolina,Columbus
Ottawa,Vegas,2,4,Vegas,Vegas
Nashville,Anaheim,2,4,Anaheim,Anaheim
Minnesota,Tampa Bay,3,2,Tampa Bay,Minnesota
Dallas,Buffalo,1,4,Dallas,Buffalo
Colorado,San Jose,4,0,Colorado,Colorado
Vancouver,Arizona,3,1,Vancouver,Vancouver
Boston,Pittsburgh,4,1,Boston,Boston
Toronto,Calgary,1,2,Calgary,Calgary
Florida,Los Angeles,4,3,Florida,Florida
NY Islanders,NY Rangers,2,3,NY Islanders,NY Rangers
Philadelphia,Montreal,1,4,Montreal,Montreal
Washington,New Jersey,5,2,Washington,Washington
Columbus,Carolina,3,2,Carolina,Columbus
Ottawa,Vegas,2,4,Vegas,Vegas
Nashville,Anaheim,2,4,Anaheim,Anaheim
Minnesota,Tampa Bay,3,2,Tampa Bay,Minnesota
Dallas,Buffalo,1,4,Dallas,Buffalo
Colorado,San Jose,4,0,Colorado,Colorado
Vancouver,Arizona,3,1,Vancouver,Vancouver
Detroit,Pittsburgh,1,2,Detroit,Pittsburgh
Carolina,Anaheim,1,2,Anaheim,Anaheim
Winnipeg,Tampa Bay,1,7,Tampa Bay,Tampa Bay
Detroit,Pittsburgh,1,2,Detroit,Pittsburgh
Carolina,Anaheim,1,2,Anaheim,Anaheim
Winnipeg,Tampa Bay,1,7,Tampa Bay,Tampa Bay
NY Islanders,Washington,4,6,NY Islanders,Washington
Colorado,St Louis,5,3,Colorado,Colorado
Edmonton,Arizona,7,3,Edmonton,Edmonton
Ottawa,Calgary,5,2,Ottawa,Ottawa
Toronto,Chicago,2,6,Toronto,Chicago
Montreal,Vegas,5,4,Montreal,Montreal
Detroit,Florida,1,4,Detroit,Florida
Philadelphia,Los Angeles,4,1,Philadelphia,Philadelphia
Columbus,New Jersey,5,0,Columbus,Columbus
Nashville,Buffalo,2,1,Nashville,Nashville
Minnesota,Dallas,7,0,Minnesota,Minnesota
Vancouver,San Jose,4,1,Vancouver,Vancouver
NY Islanders,Washington,4,6,NY Islanders,Washington
Colorado,St Louis,5,3,Colorado,Colorado
Edmonton,Arizona,7,3,Edmonton,Edmonton
Ottawa,Calgary,5,2,Ottawa,Ottawa
Toronto,Chicago,2,6,Toronto,Chicago
Montreal,Vegas,5,4,Montreal,Montreal
Detroit,Florida,1,4,Detroit,Florida
Philadelphia,Los Angeles,4,1,Philadelphia,Philadelphia
Columbus,New Jersey,5,0,Columbus,Columbus
Nashville,Buffalo,2,1,Nashville,Nashville
Minnesota,Dallas,7,0,Minnesota,Minnesota
Vancouver,San Jose,4,1,Vancouver,Vancouver
Pittsburgh,Boston,4,3,Pittsburgh,Pittsburgh
Carolina,NY Islanders,2,1,NY Islanders,Carolina
Chicago,Winnipeg,5,2,Chicago,Chicago
NY Rangers,Columbus,1,2,Columbus,Columbus
Pittsburgh,Boston,4,3,Pittsburgh,Pittsburgh
Carolina,NY Islanders,2,1,NY Islanders,Carolina
Chicago,Winnipeg,5,2,Chicago,Chicago
NY Rangers,Columbus,1,2,Columbus,Columbus
Colorado,Detroit,6,3,Colorado,Colorado
Minnesota,Florida,4,5,Florida,Florida
Colorado,Detroit,6,3,Colorado,Colorado
Minnesota,Florida,4,5,Florida,Florida
Boston,Vegas,3,2,Vegas,Boston
NY Rangers,NY Islanders,2,4,NY Islanders,NY Islanders
Carolina,Winnipeg,4,1,Carolina,Carolina
Philadelphia,Pittsburgh,3,0,Philadelphia,Philadelphia
Chicago,Florida,3,4,Florida,Florida
Boston,Vegas,3,2,Vegas,Boston
NY Rangers,NY Islanders,2,4,NY Islanders,NY Islanders
Carolina,Winnipeg,4,1,Carolina,Carolina
Philadelphia,Pittsburgh,3,0,Philadelphia,Philadelphia
Chicago,Florida,3,4,Florida,Florida
Columbus,Winnipeg,4,3,Columbus,Columbus
Minnesota,Detroit,4,2,Minnesota,Minnesota
Columbus,Winnipeg,4,3,Columbus,Columbus
Minnesota,Detroit,4,2,Minnesota,Minnesota
Montreal,Washington,2,4,Washington,Washington
Ottawa,New Jersey,3,4,Ottawa,New Jersey
Nashville,Toronto,2,5,Toronto,Toronto
Dallas,Tampa Bay,3,2,Tampa Bay,Dallas
Vancouver,St Louis,3,1,Vancouver,Vancouver
San Jose,Anaheim,4,2,Anaheim,San Jose
Montreal,Washington,2,4,Washington,Washington
Ottawa,New Jersey,3,4,Ottawa,New Jersey
Nashville,Toronto,2,5,Toronto,Toronto
Dallas,Tampa Bay,3,2,Tampa Bay,Dallas
Vancouver,St Louis,3,1,Vancouver,Vancouver
San Jose,Anaheim,4,2,Anaheim,San Jose
Buffalo,Ottawa,2,5,Ottawa,Ottawa
Calgary,St Louis,4,5,St Louis,St Louis
Buffalo,Ottawa,2,5,Ottawa,Ottawa
Calgary,St Louis,4,5,St Louis,St Louis
Dallas,Toronto,3,5,Toronto,Toronto
Washington,Nashville,4,5,Washington,Nashville
Anaheim,Arizona,4,2,Anaheim,Anaheim
Los Angeles,Tampa Bay,2,4,Los Angeles,Tampa Bay
Edmonton,Calgary,3,4,Edmonton,Calgary
San Jose,Vancouver,2,5,San Jose,Vancouver
Dallas,Toronto,3,5,Toronto,Toronto
Washington,Nashville,4,5,Washington,Nashville
Anaheim,Arizona,4,2,Anaheim,Anaheim
Los Angeles,Tampa Bay,2,4,Los Angeles,Tampa Bay
Edmonton,Calgary,3,4,Edmonton,Calgary
San Jose,Vancouver,2,5,San Jose,Vancouver
Buffalo,Montreal,1,3,Montreal,Montreal
New Jersey,Nashville,5,6,New Jersey,Nashville
Arizona,Los Angeles,2,3,Arizona,Los Angeles
Buffalo,Montreal,1,3,Montreal,Montreal
New Jersey,Nashville,5,6,New Jersey,Nashville
Arizona,Los Angeles,2,3,Arizona,Los Angeles
NY Rangers,Detroit,4,2,NY Rangers,NY Rangers
Pittsburgh,Philadelphia,4,3,Pittsburgh,Pittsburgh
Ottawa,Washington,3,5,Ottawa,Washington
Carolina,Vegas,3,4,Carolina,Vegas
Winnipeg,Boston,1,2,Boston,Boston
Edmonton,St Louis,4,2,St Louis,Edmonton
Anaheim,Tampa Bay,3,4,Anaheim,Tampa Bay
NY Rangers,Detroit,4,2,NY Rangers,NY Rangers
Pittsburgh,Philadelphia,4,3,Pittsburgh,Pittsburgh
Ottawa,Washington,3,5,Ottawa,Washington
Carolina,Vegas,3,4,Carolina,Vegas
Winnipeg,Boston,1,2,Boston,Boston
Edmonton,St Louis,4,2,St Louis,Edmonton
Anaheim,Tampa Bay,3,4,Anaheim,Tampa Bay
Buffalo,Columbus,2,1,Columbus,Buffalo
NY Islanders,Vancouver,3,4,Vancouver,Vancouver
Montreal,Florida,4,0,Montreal,Montreal
Winnipeg,St Louis,5,2,Winnipeg,Winnipeg
Toronto,Ottawa,2,1,Ottawa,Toronto
Detroit,NY Rangers,0,1,NY Rangers,NY Rangers
New Jersey,Dallas,2,3,Dallas,Dallas
Philadelphia,Colorado,6,3,Colorado,Philadelphia
Arizona,Chicago,2,3,Chicago,Chicago
Nashville,Vegas,0,3,Vegas,Vegas
Minnesota,Boston,1,6,Boston,Boston
Calgary,Edmonton,3,8,Edmonton,Edmonton
Los Angeles,Anaheim,1,3,Anaheim,Anaheim
San Jose,Tampa Bay,0,3,Tampa Bay,Tampa Bay
Buffalo,Columbus,2,1,Columbus,Buffalo
NY Islanders,Vancouver,3,4,Vancouver,Vancouver
Montreal,Florida,4,0,Montreal,Montreal
Winnipeg,St Louis,5,2,Winnipeg,Winnipeg
Toronto,Ottawa,2,1,Ottawa,Toronto
Detroit,NY Rangers,0,1,NY Rangers,NY Rangers
New Jersey,Dallas,2,3,Dallas,Dallas
Philadelphia,Colorado,6,3,Colorado,Philadelphia
Arizona,Chicago,2,3,Chicago,Chicago
Nashville,Vegas,0,3,Vegas,Vegas
Minnesota,Boston,1,6,Boston,Boston
Calgary,Edmonton,3,8,Edmonton,Edmonton
Los Angeles,Anaheim,1,3,Anaheim,Anaheim
San Jose,Tampa Bay,0,3,Tampa Bay,Tampa Bay
Washington,Pittsburgh,3,4,Pittsburgh,Pittsburgh
Montreal,Columbus,3,4,Columbus,Columbus
Carolina,Vancouver,4,3,Carolina,Carolina
Washington,Pittsburgh,3,4,Pittsburgh,Pittsburgh
Montreal,Columbus,3,4,Columbus,Columbus
Carolina,Vancouver,4,3,Carolina,Carolina
Toronto,Florida,3,5,Toronto,Florida
NY Rangers,Dallas,3,5,Dallas,Dallas
Detroit,Philadelphia,0,3,Philadelphia,Philadelphia
Toronto,Florida,3,5,Toronto,Florida
NY Rangers,Dallas,3,5,Dallas,Dallas
Detroit,Philadelphia,0,3,Philadelphia,Philadelphia
Boston,Vancouver,4,0,Boston,Boston
Buffalo,Colorado,1,6,Buffalo,Colorado
Tampa Bay,Vegas,4,2,Vegas,Tampa Bay
New Jersey,Montreal,4,5,New Jersey,Montreal
NY Islanders,Dallas,4,3,NY Islanders,NY Islanders
Washington,Los Angeles,4,2,Washington,Washington
Columbus,Florida,1,0,Columbus,Columbus
Ottawa,Anaheim,2,3,Ottawa,Anaheim
St Louis,Carolina,6,3,Carolina,St Louis
Minnesota,Chicago,3,2,Minnesota,Minnesota
Winnipeg,Nashville,1,2,Nashville,Nashville
Calgary,San Jose,1,3,Calgary,San Jose
Arizona,Edmonton,3,0,Arizona,Arizona
Boston,Vancouver,4,0,Boston,Boston
Buffalo,Colorado,1,6,Buffalo,Colorado
Tampa Bay,Vegas,4,2,Vegas,Tampa Bay
New Jersey,Montreal,4,5,New Jersey,Montreal
NY Islanders,Dallas,4,3,NY Islanders,NY Islanders
Washington,Los Angeles,4,2,Washington,Washington
Columbus,Florida,1,0,Columbus,Columbus
Ottawa,Anaheim,2,3,Ottawa,Anaheim
St Louis,Carolina,6,3,Carolina,St Louis
Minnesota,Chicago,3,2,Minnesota,Minnesota
Winnipeg,Nashville,1,2,Nashville,Nashville
Calgary,San Jose,1,3,Calgary,San Jose
Arizona,Edmonton,3,0,Arizona,Arizona
NY Rangers,Toronto,5,3,Toronto,NY Rangers
Chicago,Boston,1,2,Chicago,Boston
NY Rangers,Toronto,5,3,Toronto,NY Rangers
Chicago,Boston,1,2,Chicago,Boston
Buffalo,Detroit,3,4,Buffalo,Detroit
Montreal,Anaheim,3,2,Anaheim,Montreal
Tampa Bay,Pittsburgh,4,2,Pittsburgh,Tampa Bay
Florida,Vegas,2,7,Vegas,Vegas
NY Islanders,Los Angeles,5,3,NY Islanders,NY Islanders
Philadelphia,New Jersey,0,5,New Jersey,New Jersey
Ottawa,Colorado,1,4,Colorado,Colorado
St Louis,Winnipeg,2,4,Winnipeg,Winnipeg
Minnesota,Vancouver,4,2,Vancouver,Minnesota
Calgary,Nashville,2,3,Nashville,Nashville
Arizona,Carolina,3,5,Arizona,Carolina
Edmonton,San Jose,3,6,San Jose,San Jose
Buffalo,Detroit,3,4,Buffalo,Detroit
Montreal,Anaheim,3,2,Anaheim,Montreal
Tampa Bay,Pittsburgh,4,2,Pittsburgh,Tampa Bay
Florida,Vegas,2,7,Vegas,Vegas
NY Islanders,Los Angeles,5,3,NY Islanders,NY Islanders
Philadelphia,New Jersey,0,5,New Jersey,New Jersey
Ottawa,Colorado,1,4,Colorado,Colorado
St Louis,Winnipeg,2,4,Winnipeg,Winnipeg
Minnesota,Vancouver,4,2,Vancouver,Minnesota
Calgary,Nashville,2,3,Nashville,Nashville
Arizona,Carolina,3,5,Arizona,Carolina
Edmonton,San Jose,3,6,San Jose,San Jose
Toronto,Anaheim,5,4,Toronto,Toronto
NY Rangers,Buffalo,2,3,Buffalo,Buffalo
Columbus,Detroit,2,0,Columbus,Columbus
Dallas,Minnesota,2,3,Dallas,Minnesota
Toronto,Anaheim,5,4,Toronto,Toronto
NY Rangers,Buffalo,2,3,Buffalo,Buffalo
Columbus,Detroit,2,0,Columbus,Columbus
Dallas,Minnesota,2,3,Dallas,Minnesota
Winnipeg,Ottawa,5,2,Winnipeg,Winnipeg
Boston,Arizona,4,2,Arizona,Boston
Edmonton,Nashville,3,2,Nashville,Edmonton
Montreal,Toronto,2,1,Toronto,Montreal
Tampa Bay,NY Islanders,3,1,Tampa Bay,Tampa Bay
Florida,Pittsburgh,2,3,Pittsburgh,Pittsburgh
New Jersey,Los Angeles,3,0,New Jersey,New Jersey
Washington,Philadelphia,2,7,Washington,Philadelphia
Columbus,Colorado,1,2,Columbus,Colorado
St Louis,Dallas,2,3,Dallas,Dallas
Vancouver,Calgary,2,6,Calgary,Calgary
Vegas,Carolina,5,6,Carolina,Carolina
Winnipeg,Ottawa,5,2,Winnipeg,Winnipeg
Boston,Arizona,4,2,Arizona,Boston
Edmonton,Nashville,3,2,Nashville,Edmonton
Montreal,Toronto,2,1,Toronto,Montreal
Tampa Bay,NY Islanders,3,1,Tampa Bay,Tampa Bay
Florida,Pittsburgh,2,3,Pittsburgh,Pittsburgh
New Jersey,Los Angeles,3,0,New Jersey,New Jersey
Washington,Philadelphia,2,7,Washington,Philadelphia
Columbus,Colorado,1,2,Columbus,Colorado
St Louis,Dallas,2,3,Dallas,Dallas
Vancouver,Calgary,2,6,Calgary,Calgary
Vegas,Carolina,5,6,Carolina,Carolina
Detroit,Boston,3,1,Detroit,Detroit
Buffalo,Anaheim,2,3,Buffalo,Anaheim
NY Rangers,Los Angeles,4,1,NY Rangers,NY Rangers
Winnipeg,Chicago,5,2,Winnipeg,Winnipeg
Minnesota,Colorado,2,3,Colorado,Colorado
Detroit,Boston,3,1,Detroit,Detroit
Buffalo,Anaheim,2,3,Buffalo,Anaheim
NY Rangers,Los Angeles,4,1,NY Rangers,NY Rangers
Winnipeg,Chicago,5,2,Winnipeg,Winnipeg
Minnesota,Colorado,2,3,Colorado,Colorado
Montreal,Arizona,2,3,Montreal,Arizona
Philadelphia,Florida,4,1,Philadelphia,Philadelphia
Washington,NY Islanders,3,5,NY Islanders,NY Islanders
Columbus,Tampa Bay,1,2,Columbus,Tampa Bay
Vancouver,Nashville,6,2,Vancouver,Vancouver
San Jose,Calgary,2,6,San Jose,Calgary
Montreal,Arizona,2,3,Montreal,Arizona
Philadelphia,Florida,4,1,Philadelphia,Philadelphia
Washington,NY Islanders,3,5,NY Islanders,NY Islanders
Columbus,Tampa Bay,1,2,Columbus,Tampa Bay
Vancouver,Nashville,6,2,Vancouver,Vancouver
San Jose,Calgary,2,6,San Jose,Calgary
Buffalo,Detroit,3,2,Buffalo,Buffalo
Toronto,Arizona,3,2,Arizona,Toronto
New Jersey,Florida,3,5,Florida,Florida
NY Islanders,Philadelphia,5,3,Philadelphia,NY Islanders
Pittsburgh,Tampa Bay,1,2,Tampa Bay,Tampa Bay
Minnesota,Vegas,4,0,Minnesota,Minnesota
Winnipeg,NY Rangers,1,4,NY Rangers,NY Rangers
Dallas,Carolina,4,1,Carolina,Dallas
Colorado,Ottawa,3,0,Colorado,Colorado
Edmonton,Chicago,5,3,Edmonton,Edmonton
Buffalo,Detroit,3,2,Buffalo,Buffalo
Toronto,Arizona,3,2,Arizona,Toronto
New Jersey,Florida,3,5,Florida,Florida
NY Islanders,Philadelphia,5,3,Philadelphia,NY Islanders
Pittsburgh,Tampa Bay,1,2,Tampa Bay,Tampa Bay
Minnesota,Vegas,4,0,Minnesota,Minnesota
Winnipeg,NY Rangers,1,4,NY Rangers,NY Rangers
Dallas,Carolina,4,1,Carolina,Dallas
Colorado,Ottawa,3,0,Colorado,Colorado
Edmonton,Chicago,5,3,Edmonton,Edmonton
Boston,Montreal,4,1,Boston,Boston
Los Angeles,Calgary,5,3,Calgary,Los Angeles
Vancouver,Chicago,3,0,Vancouver,Vancouver
Boston,Montreal,4,1,Boston,Boston
Los Angeles,Calgary,5,3,Calgary,Los Angeles
Vancouver,Chicago,3,0,Vancouver,Vancouver
Buffalo,Columbus,4,3,Columbus,Buffalo
Toronto,Dallas,2,3,Dallas,Dallas
Tampa Bay,Edmonton,3,1,Tampa Bay,Tampa Bay
Florida,Philadelphia,2,6,Philadelphia,Philadelphia
New Jersey,Detroit,4,1,Detroit,New Jersey
Ottawa,Arizona,3,2,Ottawa,Ottawa
Nashville,NY Islanders,5,0,Nashville,Nashville
Minnesota,NY Rangers,3,4,Minnesota,NY Rangers
Colorado,Washington,2,3,Washington,Washington
Vegas,St Louis,6,5,St Louis,Vegas
Anaheim,Calgary,0,6,Calgary,Calgary
Buffalo,Columbus,4,3,Columbus,Buffalo
Toronto,Dallas,2,3,Dallas,Dallas
Tampa Bay,Edmonton,3,1,Tampa Bay,Tampa Bay
Florida,Philadelphia,2,6,Philadelphia,Philadelphia
New Jersey,Detroit,4,1,Detroit,New Jersey
Ottawa,Arizona,3,2,Ottawa,Ottawa
Nashville,NY Islanders,5,0,Nashville,Nashville
Minnesota,NY Rangers,3,4,Minnesota,NY Rangers
Colorado,Washington,2,3,Washington,Washington
Vegas,St Louis,6,5,St Louis,Vegas
Anaheim,Calgary,0,6,Calgary,Calgary
Winnipeg,San Jose,2,3,Winnipeg,San Jose
Pittsburgh,Montreal,4,1,Pittsburgh,Pittsburgh
Columbus,NY Rangers,1,3,Columbus,NY Rangers
Carolina,New Jersey,5,2,Carolina,Carolina
Winnipeg,San Jose,2,3,Winnipeg,San Jose
Pittsburgh,Montreal,4,1,Pittsburgh,Pittsburgh
Columbus,NY Rangers,1,3,Columbus,NY Rangers
Carolina,New Jersey,5,2,Carolina,Carolina
Boston,Detroit,4,1,Boston,Boston
St Louis,Nashville,3,4,St Louis,Nashville
Tampa Bay,Philadelphia,5,3,Tampa Bay,Tampa Bay
Florida,Edmonton,1,4,Edmonton,Edmonton
Minnesota,San Jose,0,2,San Jose,San Jose
Montreal,Dallas,3,4,Montreal,Dallas
Ottawa,Toronto,2,4,Toronto,Toronto
Colorado,Los Angeles,1,3,Colorado,Los Angeles
Calgary,Chicago,4,8,Calgary,Chicago
Arizona,Washington,3,1,Arizona,Arizona
Vegas,NY Islanders,1,0,Vegas,Vegas
Boston,Detroit,4,1,Boston,Boston
St Louis,Nashville,3,4,St Louis,Nashville
Tampa Bay,Philadelphia,5,3,Tampa Bay,Tampa Bay
Florida,Edmonton,1,4,Edmonton,Edmonton
Minnesota,San Jose,0,2,San Jose,San Jose
Montreal,Dallas,3,4,Montreal,Dallas
Ottawa,Toronto,2,4,Toronto,Toronto
Colorado,Los Angeles,1,3,Colorado,Los Angeles
Calgary,Chicago,4,8,Calgary,Chicago
Arizona,Washington,3,1,Arizona,Arizona
Vegas,NY Islanders,1,0,Vegas,Vegas
Pittsburgh,Detroit,5,1,Pittsburgh,Pittsburgh
NY Rangers,Boston,1,3,Boston,Boston
Carolina,Edmonton,3,4,Carolina,Edmonton
Vancouver,Anaheim,1,5,Anaheim,Anaheim
Nashville,St Louis,2,1,Nashville,Nashville
Ottawa,Dallas,4,3,Ottawa,Ottawa
New Jersey,Columbus,4,3,New Jersey,New Jersey
Buffalo,Toronto,5,2,Buffalo,Buffalo
Winnipeg,Chicago,3,2,Winnipeg,Winnipeg
Pittsburgh,Detroit,5,1,Pittsburgh,Pittsburgh
NY Rangers,Boston,1,3,Boston,Boston
Carolina,Edmonton,3,4,Carolina,Edmonton
Vancouver,Anaheim,1,5,Anaheim,Anaheim
Nashville,St Louis,2,1,Nashville,Nashville
Ottawa,Dallas,4,3,Ottawa,Ottawa
New Jersey,Columbus,4,3,New Jersey,New Jersey
Buffalo,Toronto,5,2,Buffalo,Buffalo
Winnipeg,Chicago,3,2,Winnipeg,Winnipeg
San Jose,Florida,3,5,Florida,Florida
Calgary,Anaheim,6,4,Anaheim,Calgary
Arizona,NY Islanders,2,1,Arizona,Arizona
Vegas,Washington,3,2,Vegas,Vegas
Colorado,Tampa Bay,3,4,Tampa Bay,Tampa Bay
San Jose,Florida,3,5,Florida,Florida
Calgary,Anaheim,6,4,Anaheim,Calgary
Arizona,NY Islanders,2,1,Arizona,Arizona
Vegas,Washington,3,2,Vegas,Vegas
Colorado,Tampa Bay,3,4,Tampa Bay,Tampa Bay
Philadelphia,Columbus,5,1,Philadelphia,Philadelphia
Pittsburgh,Toronto,5,2,Pittsburgh,Pittsburgh
Ottawa,Buffalo,7,4,Buffalo,Ottawa
Detroit,Montreal,4,3,Montreal,Detroit
St Louis,New Jersey,3,0,St Louis,St Louis
Nashville,Carolina,1,4,Nashville,Carolina
Winnipeg,Los Angeles,6,3,Los Angeles,Winnipeg
Philadelphia,Columbus,5,1,Philadelphia,Philadelphia
Pittsburgh,Toronto,5,2,Pittsburgh,Pittsburgh
Ottawa,Buffalo,7,4,Buffalo,Ottawa
Detroit,Montreal,4,3,Montreal,Detroit
St Louis,New Jersey,3,0,St Louis,St Louis
Nashville,Carolina,1,4,Nashville,Carolina
Winnipeg,Los Angeles,6,3,Los Angeles,Winnipeg
Chicago,NY Rangers,3,6,Chicago,NY Rangers
Edmonton,Boston,1,2,Edmonton,Boston
Dallas,Arizona,3,2,Dallas,Dallas
Anaheim,Florida,1,4,Florida,Florida
Colorado,NY Islanders,3,1,Colorado,Colorado
Vancouver,Minnesota,3,4,Minnesota,Minnesota
Chicago,NY Rangers,3,6,Chicago,NY Rangers
Edmonton,Boston,1,2,Edmonton,Boston
Dallas,Arizona,3,2,Dallas,Dallas
Anaheim,Florida,1,4,Florida,Florida
Colorado,NY Islanders,3,1,Colorado,Colorado
Vancouver,Minnesota,3,4,Minnesota,Minnesota
Toronto,Pittsburgh,4,0,Toronto,Toronto
New Jersey,San Jose,2,1,New Jersey,New Jersey
Washington,Montreal,3,4,Washington,Montreal
Columbus,Philadelphia,3,4,Columbus,Philadelphia
Ottawa,Winnipeg,1,5,Winnipeg,Winnipeg
St Louis,Arizona,1,0,St Louis,St Louis
Vegas,Tampa Bay,5,3,Vegas,Vegas
Los Angeles,Florida,5,4,Florida,Los Angeles
Toronto,Pittsburgh,4,0,Toronto,Toronto
New Jersey,San Jose,2,1,New Jersey,New Jersey
Washington,Montreal,3,4,Washington,Montreal
Columbus,Philadelphia,3,4,Columbus,Philadelphia
Ottawa,Winnipeg,1,5,Winnipeg,Winnipeg
St Louis,Arizona,1,0,St Louis,St Louis
Vegas,Tampa Bay,5,3,Vegas,Vegas
Los Angeles,Florida,5,4,Florida,Los Angeles
Carolina,NY Rangers,2,5,NY Rangers,NY Rangers
NY Islanders,Detroit,4,1,NY Islanders,NY Islanders
Chicago,Nashville,2,1,Nashville,Chicago
Dallas,St Louis,1,5,St Louis,St Louis
Calgary,Boston,3,4,Boston,Boston
Edmonton,Minnesota,3,5,Minnesota,Minnesota
Anaheim,Colorado,0,1,Colorado,Colorado
Carolina,NY Rangers,2,5,NY Rangers,NY Rangers
NY Islanders,Detroit,4,1,NY Islanders,NY Islanders
Chicago,Nashville,2,1,Nashville,Chicago
Dallas,St Louis,1,5,St Louis,St Louis
Calgary,Boston,3,4,Boston,Boston
Edmonton,Minnesota,3,5,Minnesota,Minnesota
Anaheim,Colorado,0,1,Colorado,Colorado
New Jersey,Washington,3,2,New Jersey,New Jersey
Philadelphia,Winnipeg,4,2,Philadelphia,Philadelphia
Pittsburgh,Buffalo,2,5,Pittsburgh,Buffalo
Toronto,Carolina,3,6,Toronto,Carolina
Ottawa,Montreal,0,3,Montreal,Montreal
NY Rangers,San Jose,3,2,San Jose,NY Rangers
Arizona,Tampa Bay,7,3,Arizona,Arizona
Nashville,Columbus,4,3,Columbus,Nashville
Vancouver,Boston,9,3,Vancouver,Vancouver
Vegas,Florida,5,3,Florida,Vegas
Los Angeles,Colorado,1,2,Colorado,Colorado
New Jersey,Washington,3,2,New Jersey,New Jersey
Philadelphia,Winnipeg,4,2,Philadelphia,Philadelphia
Pittsburgh,Buffalo,2,5,Pittsburgh,Buffalo
Toronto,Carolina,3,6,Toronto,Carolina
Ottawa,Montreal,0,3,Montreal,Montreal
NY Rangers,San Jose,3,2,San Jose,NY Rangers
Arizona,Tampa Bay,7,3,Arizona,Arizona
Nashville,Columbus,4,3,Columbus,Nashville
Vancouver,Boston,9,3,Vancouver,Vancouver
Vegas,Florida,5,3,Florida,Vegas
Los Angeles,Colorado,1,2,Colorado,Colorado
Washington,Pittsburgh,5,3,Pittsburgh,Washington
Dallas,Chicago,2,1,Chicago,Dallas
Buffalo,Winnipeg,2,1,Buffalo,Buffalo
NY Islanders,San Jose,4,1,NY Islanders,NY Islanders
Detroit,Calgary,2,4,Calgary,Calgary
Minnesota,St Louis,1,4,St Louis,St Louis
Anaheim,Vegas,5,6,Anaheim,Vegas
Los Angeles,Edmonton,2,4,Edmonton,Edmonton
Washington,Pittsburgh,5,3,Pittsburgh,Washington
Dallas,Chicago,2,1,Chicago,Dallas
Buffalo,Winnipeg,2,1,Buffalo,Buffalo
NY Islanders,San Jose,4,1,NY Islanders,NY Islanders
Detroit,Calgary,2,4,Calgary,Calgary
Minnesota,St Louis,1,4,St Louis,St Louis
Anaheim,Vegas,5,6,Anaheim,Vegas
Los Angeles,Edmonton,2,4,Edmonton,Edmonton
Columbus,Ottawa,4,3,Ottawa,Columbus
Columbus,Ottawa,4,3,Ottawa,Columbus
Boston,Calgary,2,5,Boston,Calgary
Montreal,Vancouver,3,4,Vancouver,Vancouver
Tampa Bay,Toronto,3,4,Tampa Bay,Toronto
NY Islanders,NY Rangers,3,4,NY Rangers,NY Rangers
Philadelphia,San Jose,4,2,Philadelphia,Philadelphia
Washington,Winnipeg,4,3,Washington,Washington
Carolina,Dallas,1,4,Carolina,Dallas
Detroit,New Jersey,1,4,New Jersey,New Jersey
St Louis,Chicago,6,5,St Louis,St Louis
Nashville,Ottawa,3,2,Nashville,Nashville
Minnesota,Columbus,5,4,Minnesota,Minnesota
Arizona,Florida,1,2,Florida,Florida
Anaheim,Edmonton,4,3,Edmonton,Anaheim
Boston,Calgary,2,5,Boston,Calgary
Montreal,Vancouver,3,4,Vancouver,Vancouver
Tampa Bay,Toronto,3,4,Tampa Bay,Toronto
NY Islanders,NY Rangers,3,4,NY Rangers,NY Rangers
Philadelphia,San Jose,4,2,Philadelphia,Philadelphia
Washington,Winnipeg,4,3,Washington,Washington
Carolina,Dallas,1,4,Carolina,Dallas
Detroit,New Jersey,1,4,New Jersey,New Jersey
St Louis,Chicago,6,5,St Louis,St Louis
Nashville,Ottawa,3,2,Nashville,Nashville
Minnesota,Columbus,5,4,Minnesota,Minnesota
Arizona,Florida,1,2,Florida,Florida
Anaheim,Edmonton,4,3,Edmonton,Anaheim
Colorado,Buffalo,3,2,Colorado,Colorado
Vegas,Edmonton,3,0,Vegas,Vegas
Los Angeles,Pittsburgh,2,1,Los Angeles,Los Angeles
Colorado,Buffalo,3,2,Colorado,Colorado
Vegas,Edmonton,3,0,Vegas,Vegas
Los Angeles,Pittsburgh,2,1,Los Angeles,Los Angeles
Montreal,NY Rangers,2,5,Montreal,NY Rangers
Tampa Bay,Chicago,2,5,Tampa Bay,Chicago
Florida,Toronto,3,5,Florida,Toronto
Boston,Dallas,4,3,Boston,Boston
Ottawa,Vancouver,5,2,Vancouver,Ottawa
Detroit,Minnesota,1,7,Detroit,Minnesota
St Louis,NY Islanders,3,2,St Louis,St Louis
Nashville,Calgary,4,3,Calgary,Nashville
Winnipeg,Washington,3,0,Winnipeg,Winnipeg
San Jose,New Jersey,3,2,San Jose,San Jose
Montreal,NY Rangers,2,5,Montreal,NY Rangers
Tampa Bay,Chicago,2,5,Tampa Bay,Chicago
Florida,Toronto,3,5,Florida,Toronto
Boston,Dallas,4,3,Boston,Boston
Ottawa,Vancouver,5,2,Vancouver,Ottawa
Detroit,Minnesota,1,7,Detroit,Minnesota
St Louis,NY Islanders,3,2,St Louis,St Louis
Nashville,Calgary,4,3,Calgary,Nashville
Winnipeg,Washington,3,0,Winnipeg,Winnipeg
San Jose,New Jersey,3,2,San Jose,San Jose
Philadelphia,NY Rangers,5,2,NY Rangers,Philadelphia
Columbus,Minnesota,0,5,Minnesota,Minnesota
Carolina,Colorado,2,3,Colorado,Colorado
Vegas,Buffalo,4,2,Buffalo,Vegas
Anaheim,Pittsburgh,3,2,Pittsburgh,Anaheim
Philadelphia,NY Rangers,5,2,NY Rangers,Philadelphia
Columbus,Minnesota,0,5,Minnesota,Minnesota
Carolina,Colorado,2,3,Colorado,Colorado
Vegas,Buffalo,4,2,Buffalo,Vegas
Anaheim,Pittsburgh,3,2,Pittsburgh,Anaheim
NY Islanders,Boston,0,4,Boston,Boston
Los Angeles,New Jersey,2,1,Los Angeles,Los Angeles
Tampa Bay,Calgary,4,3,Tampa Bay,Tampa Bay
Florida,Chicago,2,3,Chicago,Chicago
Nashville,Colorado,2,3,Colorado,Colorado
Toronto,Vancouver,4,2,Toronto,Toronto
Montreal,Carolina,4,3,Montreal,Montreal
Ottawa,Detroit,4,3,Detroit,Ottawa
Arizona,Buffalo,5,2,Arizona,Arizona
St Louis,Dallas,4,3,St Louis,St Louis
Edmonton,Winnipeg,3,2,Winnipeg,Edmonton
San Jose,Pittsburgh,5,0,San Jose,San Jose
NY Islanders,Boston,0,4,Boston,Boston
Los Angeles,New Jersey,2,1,Los Angeles,Los Angeles
Tampa Bay,Calgary,4,3,Tampa Bay,Tampa Bay
Florida,Chicago,2,3,Chicago,Chicago
Nashville,Colorado,2,3,Colorado,Colorado
Toronto,Vancouver,4,2,Toronto,Toronto
Montreal,Carolina,4,3,Montreal,Montreal
Ottawa,Detroit,4,3,Detroit,Ottawa
Arizona,Buffalo,5,2,Arizona,Arizona
St Louis,Dallas,4,3,St Louis,St Louis
Edmonton,Winnipeg,3,2,Winnipeg,Edmonton
San Jose,Pittsburgh,5,0,San Jose,San Jose
NY Rangers,Philadelphia,3,5,Philadelphia,Philadelphia
Florida,Calgary,0,3,Calgary,Calgary
Columbus,Vancouver,5,3,Vancouver,Columbus
Anaheim,New Jersey,0,3,New Jersey,New Jersey
Minnesota,Washington,3,4,Washington,Washington
Vegas,Los Angeles,1,4,Los Angeles,Los Angeles
NY Rangers,Philadelphia,3,5,Philadelphia,Philadelphia
Florida,Calgary,0,3,Calgary,Calgary
Columbus,Vancouver,5,3,Vancouver,Columbus
Anaheim,New Jersey,0,3,New Jersey,New Jersey
Minnesota,Washington,3,4,Washington,Washington
Vegas,Los Angeles,1,4,Los Angeles,Los Angeles
Detroit,Colorado,1,2,Colorado,Colorado
Nashville,Edmonton,3,8,Nashville,Edmonton
Detroit,Colorado,1,2,Colorado,Colorado
Nashville,Edmonton,3,8,Nashville,Edmonton
NY Islanders,Montreal,2,6,Montreal,Montreal
NY Rangers,St Louis,1,3,St Louis,St Louis
Pittsburgh,Ottawa,7,3,Pittsburgh,Pittsburgh
Tampa Bay,Boston,1,2,Boston,Boston
Minnesota,Nashville,3,1,Minnesota,Minnesota
Winnipeg,Buffalo,3,1,Winnipeg,Winnipeg
Chicago,Anaheim,6,2,Chicago,Chicago
Dallas,Edmonton,1,2,Edmonton,Edmonton
Vegas,New Jersey,3,0,Vegas,Vegas
San Jose,Toronto,5,2,Toronto,San Jose
NY Islanders,Montreal,2,6,Montreal,Montreal
NY Rangers,St Louis,1,3,St Louis,St Louis
Pittsburgh,Ottawa,7,3,Pittsburgh,Pittsburgh
Tampa Bay,Boston,1,2,Boston,Boston
Minnesota,Nashville,3,1,Minnesota,Minnesota
Winnipeg,Buffalo,3,1,Winnipeg,Winnipeg
Chicago,Anaheim,6,2,Chicago,Chicago
Dallas,Edmonton,1,2,Edmonton,Edmonton
Vegas,New Jersey,3,0,Vegas,Vegas
San Jose,Toronto,5,2,Toronto,San Jose
Washington,Philadelphia,2,5,Philadelphia,Philadelphia
Calgary,Columbus,3,2,Calgary,Calgary
Colorado,Anaheim,3,4,Anaheim,Anaheim
Vancouver,Arizona,2,4,Vancouver,Arizona
Washington,Philadelphia,2,5,Philadelphia,Philadelphia
Calgary,Columbus,3,2,Calgary,Calgary
Colorado,Anaheim,3,4,Anaheim,Anaheim
Vancouver,Arizona,2,4,Vancouver,Arizona
Buffalo,Pittsburgh,2,4,Pittsburgh,Pittsburgh
Tampa Bay,Montreal,4,0,Tampa Bay,Tampa Bay
Florida,Boston,1,2,Florida,Boston
NY Rangers,Washington,6,5,NY Rangers,NY Rangers
Philadelphia,Carolina,4,1,Philadelphia,Philadelphia
Ottawa,NY Islanders,4,3,NY Islanders,Ottawa
Nashville,Dallas,2,0,Nashville,Nashville
Chicago,Edmonton,4,3,Chicago,Chicago
Los Angeles,Toronto,1,0,Los Angeles,Los Angeles
San Jose,Minnesota,2,3,Minnesota,Minnesota
Buffalo,Pittsburgh,2,4,Pittsburgh,Pittsburgh
Tampa Bay,Montreal,4,0,Tampa Bay,Tampa Bay
Florida,Boston,1,2,Florida,Boston
NY Rangers,Washington,6,5,NY Rangers,NY Rangers
Philadelphia,Carolina,4,1,Philadelphia,Philadelphia
Ottawa,NY Islanders,4,3,NY Islanders,Ottawa
Nashville,Dallas,2,0,Nashville,Nashville
Chicago,Edmonton,4,3,Chicago,Chicago
Los Angeles,Toronto,1,0,Los Angeles,Los Angeles
San Jose,Minnesota,2,3,Minnesota,Minnesota
New Jersey,St Louis,4,2,New Jersey,New Jersey
Detroit,Chicago,2,1,Detroit,Detroit
Winnipeg,Vegas,4,0,Winnipeg,Winnipeg
Calgary,Arizona,3,2,Calgary,Calgary
Vancouver,Colorado,6,3,Vancouver,Vancouver
Anaheim,Toronto,2,1,Anaheim,Anaheim
New Jersey,St Louis,4,2,New Jersey,New Jersey
Detroit,Chicago,2,1,Detroit,Detroit
Winnipeg,Vegas,4,0,Winnipeg,Winnipeg
Calgary,Arizona,3,2,Calgary,Calgary
Vancouver,Colorado,6,3,Vancouver,Vancouver
Anaheim,Toronto,2,1,Anaheim,Anaheim
NY Islanders,Carolina,2,3,NY Islanders,Carolina
Pittsburgh,Washington,2,5,Washington,Washington
Dallas,Nashville,0,1,Nashville,Nashville
Los Angeles,Minnesota,7,3,Minnesota,Los Angeles
San Jose,Ottawa,1,2,San Jose,Ottawa
Boston,Tampa Bay,3,5,Tampa Bay,Tampa Bay
Florida,Montreal,4,1,Florida,Florida
NY Rangers,New Jersey,4,6,New Jersey,New Jersey
Philadelphia,Buffalo,3,1,Philadelphia,Philadelphia
Edmonton,Columbus,4,1,Edmonton,Edmonton
NY Islanders,Carolina,2,3,NY Islanders,Carolina
Pittsburgh,Washington,2,5,Washington,Washington
Dallas,Nashville,0,1,Nashville,Nashville
Los Angeles,Minnesota,7,3,Minnesota,Los Angeles
San Jose,Ottawa,1,2,San Jose,Ottawa
Boston,Tampa Bay,3,5,Tampa Bay,Tampa Bay
Florida,Montreal,4,1,Florida,Florida
NY Rangers,New Jersey,4,6,New Jersey,New Jersey
Philadelphia,Buffalo,3,1,Philadelphia,Philadelphia
Edmonton,Columbus,4,1,Edmonton,Edmonton
Pittsburgh,Carolina,2,6,Carolina,Carolina
Detroit,Tampa Bay,5,4,Tampa Bay,Detroit
Calgary,Vegas,3,5,Vegas,Vegas
Chicago,St Louis,0,2,St Louis,St Louis
Anaheim,Minnesota,4,5,Anaheim,Minnesota
Vancouver,Columbus,1,2,Columbus,Columbus
San Jose,Colorado,3,4,Colorado,Colorado
Pittsburgh,Carolina,2,6,Carolina,Carolina
Detroit,Tampa Bay,5,4,Tampa Bay,Detroit
Calgary,Vegas,3,5,Vegas,Vegas
Chicago,St Louis,0,2,St Louis,St Louis
Anaheim,Minnesota,4,5,Anaheim,Minnesota
Vancouver,Columbus,1,2,Columbus,Columbus
San Jose,Colorado,3,4,Colorado,Colorado
Buffalo,Washington,3,2,Buffalo,Buffalo
Winnipeg,Arizona,4,2,Arizona,Winnipeg
St Louis,Florida,1,2,St Louis,Florida
Edmonton,Vegas,2,3,Vegas,Vegas
Los Angeles,Colorado,3,1,Colorado,Los Angeles
Buffalo,Washington,3,2,Buffalo,Buffalo
Winnipeg,Arizona,4,2,Arizona,Winnipeg
St Louis,Florida,1,2,St Louis,Florida
Edmonton,Vegas,2,3,Vegas,Vegas
Los Angeles,Colorado,3,1,Colorado,Los Angeles
Toronto,Tampa Bay,2,1,Tampa Bay,Toronto
Montreal,Nashville,2,4,Nashville,Nashville
New Jersey,Pittsburgh,2,5,Pittsburgh,Pittsburgh
Philadelphia,Boston,0,2,Boston,Boston
Detroit,Carolina,2,5,Carolina,Carolina
Dallas,NY Rangers,2,4,NY Rangers,NY Rangers
Vancouver,NY Islanders,5,4,NY Islanders,Vancouver
Anaheim,Ottawa,5,2,Ottawa,Anaheim
Toronto,Tampa Bay,2,1,Tampa Bay,Toronto
Montreal,Nashville,2,4,Nashville,Nashville
New Jersey,Pittsburgh,2,5,Pittsburgh,Pittsburgh
Philadelphia,Boston,0,2,Boston,Boston
Detroit,Carolina,2,5,Carolina,Carolina
Dallas,NY Rangers,2,4,NY Rangers,NY Rangers
Vancouver,NY Islanders,5,4,NY Islanders,Vancouver
Anaheim,Ottawa,5,2,Ottawa,Anaheim
Chicago,San Jose,6,2,Chicago,Chicago
Edmonton,Winnipeg,2,4,Winnipeg,Winnipeg
Anaheim,St Louis,2,4,Anaheim,St Louis
Colorado,NY Rangers,3,2,Colorado,Colorado
Los Angeles,Ottawa,3,2,Ottawa,Los Angeles
Chicago,San Jose,6,2,Chicago,Chicago
Edmonton,Winnipeg,2,4,Winnipeg,Winnipeg
Anaheim,St Louis,2,4,Anaheim,St Louis
Colorado,NY Rangers,3,2,Colorado,Colorado
Los Angeles,Ottawa,3,2,Ottawa,Los Angeles
Boston,Philadelphia,1,4,Philadelphia,Philadelphia
Colorado,St Louis,2,1,Colorado,Colorado
Boston,Philadelphia,1,4,Philadelphia,Philadelphia
Colorado,St Louis,2,1,Colorado,Colorado
Tampa Bay,Washington,3,2,Tampa Bay,Tampa Bay
Vegas,Dallas,5,3,Vegas,Vegas
Tampa Bay,Washington,3,2,Tampa Bay,Tampa Bay
Vegas,Dallas,5,3,Vegas,Vegas
Boston,Tampa Bay,2,3,Boston,Tampa Bay
Dallas,Colorado,0,4,Colorado,Colorado
Boston,Tampa Bay,2,3,Boston,Tampa Bay
Dallas,Colorado,0,4,Colorado,Colorado
Philadelphia,Washington,3,1,Philadelphia,Philadelphia
St Louis,Vegas,4,6,St Louis,Vegas
Philadelphia,Washington,3,1,Philadelphia,Philadelphia
St Louis,Vegas,4,6,St Louis,Vegas
Colorado,Vegas,3,4,Vegas,Vegas
Tampa Bay,Philadelphia,1,4,Tampa Bay,Philadelphia
Colorado,Vegas,3,4,Vegas,Vegas
Tampa Bay,Philadelphia,1,4,Tampa Bay,Philadelphia
Washington,Boston,2,1,Washington,Washington
St Louis,Dallas,1,2,St Louis,Dallas
Washington,Boston,2,1,Washington,Washington
St Louis,Dallas,1,2,St Louis,Dallas
